Token	POS-Tag	OOV	Id	Index	Documento
A	DET	0	1	0	A produção industrial brasileira cresceu 1,5 % no primeiro trimestre de 2026 , impulsionada pelo setor automotivo e de máquinas pesadas . O resultado superou as expectativas dos analistas de mercado .
produção	NOUN	0	1	1	A produção industrial brasileira cresceu 1,5 % no primeiro trimestre de 2026 , impulsionada pelo setor automotivo e de máquinas pesadas . O resultado superou as expectativas dos analistas de mercado .
industrial	ADJ	0	1	2	A produção industrial brasileira cresceu 1,5 % no primeiro trimestre de 2026 , impulsionada pelo setor automotivo e de máquinas pesadas . O resultado superou as expectativas dos analistas de mercado .
brasileira	ADJ	0	1	3	A produção industrial brasileira cresceu 1,5 % no primeiro trimestre de 2026 , impulsionada pelo setor automotivo e de máquinas pesadas . O resultado superou as expectativas dos analistas de mercado .
cresceu	VERB	0	1	4	A produção industrial brasileira cresceu 1,5 % no primeiro trimestre de 2026 , impulsionada pelo setor automotivo e de máquinas pesadas . O resultado superou as expectativas dos analistas de mercado .
1,5	NUM	1	1	5	A produção industrial brasileira cresceu 1,5 % no primeiro trimestre de 2026 , impulsionada pelo setor automotivo e de máquinas pesadas . O resultado superou as expectativas dos analistas de mercado .
%	SYM	0	1	6	A produção industrial brasileira cresceu 1,5 % no primeiro trimestre de 2026 , impulsionada pelo setor automotivo e de máquinas pesadas . O resultado superou as expectativas dos analistas de mercado .
no	ADP	0	1	7	A produção industrial brasileira cresceu 1,5 % no primeiro trimestre de 2026 , impulsionada pelo setor automotivo e de máquinas pesadas . O resultado superou as expectativas dos analistas de mercado .
primeiro	ADJ	0	1	8	A produção industrial brasileira cresceu 1,5 % no primeiro trimestre de 2026 , impulsionada pelo setor automotivo e de máquinas pesadas . O resultado superou as expectativas dos analistas de mercado .
trimestre	NOUN	1	1	9	A produção industrial brasileira cresceu 1,5 % no primeiro trimestre de 2026 , impulsionada pelo setor automotivo e de máquinas pesadas . O resultado superou as expectativas dos analistas de mercado .
de	ADP	0	1	10	A produção industrial brasileira cresceu 1,5 % no primeiro trimestre de 2026 , impulsionada pelo setor automotivo e de máquinas pesadas . O resultado superou as expectativas dos analistas de mercado .
2026	NUM	1	1	11	A produção industrial brasileira cresceu 1,5 % no primeiro trimestre de 2026 , impulsionada pelo setor automotivo e de máquinas pesadas . O resultado superou as expectativas dos analistas de mercado .
,	PUNCT	0	1	12	A produção industrial brasileira cresceu 1,5 % no primeiro trimestre de 2026 , impulsionada pelo setor automotivo e de máquinas pesadas . O resultado superou as expectativas dos analistas de mercado .
impulsionada	VERB	1	1	13	A produção industrial brasileira cresceu 1,5 % no primeiro trimestre de 2026 , impulsionada pelo setor automotivo e de máquinas pesadas . O resultado superou as expectativas dos analistas de mercado .
pelo	ADP	0	1	14	A produção industrial brasileira cresceu 1,5 % no primeiro trimestre de 2026 , impulsionada pelo setor automotivo e de máquinas pesadas . O resultado superou as expectativas dos analistas de mercado .
setor	NOUN	0	1	15	A produção industrial brasileira cresceu 1,5 % no primeiro trimestre de 2026 , impulsionada pelo setor automotivo e de máquinas pesadas . O resultado superou as expectativas dos analistas de mercado .
automotivo	ADJ	1	1	16	A produção industrial brasileira cresceu 1,5 % no primeiro trimestre de 2026 , impulsionada pelo setor automotivo e de máquinas pesadas . O resultado superou as expectativas dos analistas de mercado .
e	CCONJ	0	1	17	A produção industrial brasileira cresceu 1,5 % no primeiro trimestre de 2026 , impulsionada pelo setor automotivo e de máquinas pesadas . O resultado superou as expectativas dos analistas de mercado .
de	ADP	0	1	18	A produção industrial brasileira cresceu 1,5 % no primeiro trimestre de 2026 , impulsionada pelo setor automotivo e de máquinas pesadas . O resultado superou as expectativas dos analistas de mercado .
máquinas	NOUN	0	1	19	A produção industrial brasileira cresceu 1,5 % no primeiro trimestre de 2026 , impulsionada pelo setor automotivo e de máquinas pesadas . O resultado superou as expectativas dos analistas de mercado .
pesadas	VERB	0	1	20	A produção industrial brasileira cresceu 1,5 % no primeiro trimestre de 2026 , impulsionada pelo setor automotivo e de máquinas pesadas . O resultado superou as expectativas dos analistas de mercado .
.	PUNCT	0	1	21	A produção industrial brasileira cresceu 1,5 % no primeiro trimestre de 2026 , impulsionada pelo setor automotivo e de máquinas pesadas . O resultado superou as expectativas dos analistas de mercado .
O	DET	0	1	22	A produção industrial brasileira cresceu 1,5 % no primeiro trimestre de 2026 , impulsionada pelo setor automotivo e de máquinas pesadas . O resultado superou as expectativas dos analistas de mercado .
resultado	NOUN	0	1	23	A produção industrial brasileira cresceu 1,5 % no primeiro trimestre de 2026 , impulsionada pelo setor automotivo e de máquinas pesadas . O resultado superou as expectativas dos analistas de mercado .
superou	VERB	0	1	24	A produção industrial brasileira cresceu 1,5 % no primeiro trimestre de 2026 , impulsionada pelo setor automotivo e de máquinas pesadas . O resultado superou as expectativas dos analistas de mercado .
as	DET	0	1	25	A produção industrial brasileira cresceu 1,5 % no primeiro trimestre de 2026 , impulsionada pelo setor automotivo e de máquinas pesadas . O resultado superou as expectativas dos analistas de mercado .
expectativas	NOUN	0	1	26	A produção industrial brasileira cresceu 1,5 % no primeiro trimestre de 2026 , impulsionada pelo setor automotivo e de máquinas pesadas . O resultado superou as expectativas dos analistas de mercado .
dos	ADP	0	1	27	A produção industrial brasileira cresceu 1,5 % no primeiro trimestre de 2026 , impulsionada pelo setor automotivo e de máquinas pesadas . O resultado superou as expectativas dos analistas de mercado .
analistas	NOUN	1	1	28	A produção industrial brasileira cresceu 1,5 % no primeiro trimestre de 2026 , impulsionada pelo setor automotivo e de máquinas pesadas . O resultado superou as expectativas dos analistas de mercado .
de	ADP	0	1	29	A produção industrial brasileira cresceu 1,5 % no primeiro trimestre de 2026 , impulsionada pelo setor automotivo e de máquinas pesadas . O resultado superou as expectativas dos analistas de mercado .
mercado	NOUN	0	1	30	A produção industrial brasileira cresceu 1,5 % no primeiro trimestre de 2026 , impulsionada pelo setor automotivo e de máquinas pesadas . O resultado superou as expectativas dos analistas de mercado .
.	PUNCT	0	1	31	A produção industrial brasileira cresceu 1,5 % no primeiro trimestre de 2026 , impulsionada pelo setor automotivo e de máquinas pesadas . O resultado superou as expectativas dos analistas de mercado .
A	DET	0	2	0	A nova fábrica de semicondutores instalada no polo tecnológico de Campinas anunciou um investimento de 500 milhões de reais para expandir sua linha de montagem e atender a demanda de chips automotivos .
nova	ADJ	0	2	1	A nova fábrica de semicondutores instalada no polo tecnológico de Campinas anunciou um investimento de 500 milhões de reais para expandir sua linha de montagem e atender a demanda de chips automotivos .
fábrica	NOUN	0	2	2	A nova fábrica de semicondutores instalada no polo tecnológico de Campinas anunciou um investimento de 500 milhões de reais para expandir sua linha de montagem e atender a demanda de chips automotivos .
de	ADP	0	2	3	A nova fábrica de semicondutores instalada no polo tecnológico de Campinas anunciou um investimento de 500 milhões de reais para expandir sua linha de montagem e atender a demanda de chips automotivos .
semicondutores	NOUN	1	2	4	A nova fábrica de semicondutores instalada no polo tecnológico de Campinas anunciou um investimento de 500 milhões de reais para expandir sua linha de montagem e atender a demanda de chips automotivos .
instalada	VERB	0	2	5	A nova fábrica de semicondutores instalada no polo tecnológico de Campinas anunciou um investimento de 500 milhões de reais para expandir sua linha de montagem e atender a demanda de chips automotivos .
no	ADP	0	2	6	A nova fábrica de semicondutores instalada no polo tecnológico de Campinas anunciou um investimento de 500 milhões de reais para expandir sua linha de montagem e atender a demanda de chips automotivos .
polo	NOUN	0	2	7	A nova fábrica de semicondutores instalada no polo tecnológico de Campinas anunciou um investimento de 500 milhões de reais para expandir sua linha de montagem e atender a demanda de chips automotivos .
tecnológico	ADJ	0	2	8	A nova fábrica de semicondutores instalada no polo tecnológico de Campinas anunciou um investimento de 500 milhões de reais para expandir sua linha de montagem e atender a demanda de chips automotivos .
de	ADP	0	2	9	A nova fábrica de semicondutores instalada no polo tecnológico de Campinas anunciou um investimento de 500 milhões de reais para expandir sua linha de montagem e atender a demanda de chips automotivos .
Campinas	PROPN	0	2	10	A nova fábrica de semicondutores instalada no polo tecnológico de Campinas anunciou um investimento de 500 milhões de reais para expandir sua linha de montagem e atender a demanda de chips automotivos .
anunciou	VERB	0	2	11	A nova fábrica de semicondutores instalada no polo tecnológico de Campinas anunciou um investimento de 500 milhões de reais para expandir sua linha de montagem e atender a demanda de chips automotivos .
um	DET	0	2	12	A nova fábrica de semicondutores instalada no polo tecnológico de Campinas anunciou um investimento de 500 milhões de reais para expandir sua linha de montagem e atender a demanda de chips automotivos .
investimento	NOUN	0	2	13	A nova fábrica de semicondutores instalada no polo tecnológico de Campinas anunciou um investimento de 500 milhões de reais para expandir sua linha de montagem e atender a demanda de chips automotivos .
de	ADP	0	2	14	A nova fábrica de semicondutores instalada no polo tecnológico de Campinas anunciou um investimento de 500 milhões de reais para expandir sua linha de montagem e atender a demanda de chips automotivos .
500	NUM	0	2	15	A nova fábrica de semicondutores instalada no polo tecnológico de Campinas anunciou um investimento de 500 milhões de reais para expandir sua linha de montagem e atender a demanda de chips automotivos .
milhões	NUM	0	2	16	A nova fábrica de semicondutores instalada no polo tecnológico de Campinas anunciou um investimento de 500 milhões de reais para expandir sua linha de montagem e atender a demanda de chips automotivos .
de	ADP	0	2	17	A nova fábrica de semicondutores instalada no polo tecnológico de Campinas anunciou um investimento de 500 milhões de reais para expandir sua linha de montagem e atender a demanda de chips automotivos .
reais	NOUN	0	2	18	A nova fábrica de semicondutores instalada no polo tecnológico de Campinas anunciou um investimento de 500 milhões de reais para expandir sua linha de montagem e atender a demanda de chips automotivos .
para	SCONJ	0	2	19	A nova fábrica de semicondutores instalada no polo tecnológico de Campinas anunciou um investimento de 500 milhões de reais para expandir sua linha de montagem e atender a demanda de chips automotivos .
expandir	VERB	0	2	20	A nova fábrica de semicondutores instalada no polo tecnológico de Campinas anunciou um investimento de 500 milhões de reais para expandir sua linha de montagem e atender a demanda de chips automotivos .
sua	DET	0	2	21	A nova fábrica de semicondutores instalada no polo tecnológico de Campinas anunciou um investimento de 500 milhões de reais para expandir sua linha de montagem e atender a demanda de chips automotivos .
linha	NOUN	0	2	22	A nova fábrica de semicondutores instalada no polo tecnológico de Campinas anunciou um investimento de 500 milhões de reais para expandir sua linha de montagem e atender a demanda de chips automotivos .
de	ADP	0	2	23	A nova fábrica de semicondutores instalada no polo tecnológico de Campinas anunciou um investimento de 500 milhões de reais para expandir sua linha de montagem e atender a demanda de chips automotivos .
montagem	NOUN	0	2	24	A nova fábrica de semicondutores instalada no polo tecnológico de Campinas anunciou um investimento de 500 milhões de reais para expandir sua linha de montagem e atender a demanda de chips automotivos .
e	CCONJ	0	2	25	A nova fábrica de semicondutores instalada no polo tecnológico de Campinas anunciou um investimento de 500 milhões de reais para expandir sua linha de montagem e atender a demanda de chips automotivos .
atender	VERB	0	2	26	A nova fábrica de semicondutores instalada no polo tecnológico de Campinas anunciou um investimento de 500 milhões de reais para expandir sua linha de montagem e atender a demanda de chips automotivos .
a	DET	0	2	27	A nova fábrica de semicondutores instalada no polo tecnológico de Campinas anunciou um investimento de 500 milhões de reais para expandir sua linha de montagem e atender a demanda de chips automotivos .
demanda	NOUN	0	2	28	A nova fábrica de semicondutores instalada no polo tecnológico de Campinas anunciou um investimento de 500 milhões de reais para expandir sua linha de montagem e atender a demanda de chips automotivos .
de	ADP	0	2	29	A nova fábrica de semicondutores instalada no polo tecnológico de Campinas anunciou um investimento de 500 milhões de reais para expandir sua linha de montagem e atender a demanda de chips automotivos .
chips	NOUN	1	2	30	A nova fábrica de semicondutores instalada no polo tecnológico de Campinas anunciou um investimento de 500 milhões de reais para expandir sua linha de montagem e atender a demanda de chips automotivos .
automotivos	ADJ	1	2	31	A nova fábrica de semicondutores instalada no polo tecnológico de Campinas anunciou um investimento de 500 milhões de reais para expandir sua linha de montagem e atender a demanda de chips automotivos .
.	PUNCT	0	2	32	A nova fábrica de semicondutores instalada no polo tecnológico de Campinas anunciou um investimento de 500 milhões de reais para expandir sua linha de montagem e atender a demanda de chips automotivos .
A	DET	0	3	0	A exportação de aço nacional registreu recorde no mês passado , com forte demanda vinda de parceiros comerciais na Europa e na Ásia . O setor siderúrgico projeta novos investimentos em modernização .
exportação	NOUN	0	3	1	A exportação de aço nacional registreu recorde no mês passado , com forte demanda vinda de parceiros comerciais na Europa e na Ásia . O setor siderúrgico projeta novos investimentos em modernização .
de	ADP	0	3	2	A exportação de aço nacional registreu recorde no mês passado , com forte demanda vinda de parceiros comerciais na Europa e na Ásia . O setor siderúrgico projeta novos investimentos em modernização .
aço	NOUN	0	3	3	A exportação de aço nacional registreu recorde no mês passado , com forte demanda vinda de parceiros comerciais na Europa e na Ásia . O setor siderúrgico projeta novos investimentos em modernização .
nacional	ADJ	0	3	4	A exportação de aço nacional registreu recorde no mês passado , com forte demanda vinda de parceiros comerciais na Europa e na Ásia . O setor siderúrgico projeta novos investimentos em modernização .
registreu	VERB	1	3	5	A exportação de aço nacional registreu recorde no mês passado , com forte demanda vinda de parceiros comerciais na Europa e na Ásia . O setor siderúrgico projeta novos investimentos em modernização .
recorde	NOUN	0	3	6	A exportação de aço nacional registreu recorde no mês passado , com forte demanda vinda de parceiros comerciais na Europa e na Ásia . O setor siderúrgico projeta novos investimentos em modernização .
no	ADP	0	3	7	A exportação de aço nacional registreu recorde no mês passado , com forte demanda vinda de parceiros comerciais na Europa e na Ásia . O setor siderúrgico projeta novos investimentos em modernização .
mês	NOUN	0	3	8	A exportação de aço nacional registreu recorde no mês passado , com forte demanda vinda de parceiros comerciais na Europa e na Ásia . O setor siderúrgico projeta novos investimentos em modernização .
passado	ADJ	0	3	9	A exportação de aço nacional registreu recorde no mês passado , com forte demanda vinda de parceiros comerciais na Europa e na Ásia . O setor siderúrgico projeta novos investimentos em modernização .
,	PUNCT	0	3	10	A exportação de aço nacional registreu recorde no mês passado , com forte demanda vinda de parceiros comerciais na Europa e na Ásia . O setor siderúrgico projeta novos investimentos em modernização .
com	ADP	0	3	11	A exportação de aço nacional registreu recorde no mês passado , com forte demanda vinda de parceiros comerciais na Europa e na Ásia . O setor siderúrgico projeta novos investimentos em modernização .
forte	ADJ	0	3	12	A exportação de aço nacional registreu recorde no mês passado , com forte demanda vinda de parceiros comerciais na Europa e na Ásia . O setor siderúrgico projeta novos investimentos em modernização .
demanda	NOUN	0	3	13	A exportação de aço nacional registreu recorde no mês passado , com forte demanda vinda de parceiros comerciais na Europa e na Ásia . O setor siderúrgico projeta novos investimentos em modernização .
vinda	ADJ	0	3	14	A exportação de aço nacional registreu recorde no mês passado , com forte demanda vinda de parceiros comerciais na Europa e na Ásia . O setor siderúrgico projeta novos investimentos em modernização .
de	ADP	0	3	15	A exportação de aço nacional registreu recorde no mês passado , com forte demanda vinda de parceiros comerciais na Europa e na Ásia . O setor siderúrgico projeta novos investimentos em modernização .
parceiros	NOUN	0	3	16	A exportação de aço nacional registreu recorde no mês passado , com forte demanda vinda de parceiros comerciais na Europa e na Ásia . O setor siderúrgico projeta novos investimentos em modernização .
comerciais	ADJ	0	3	17	A exportação de aço nacional registreu recorde no mês passado , com forte demanda vinda de parceiros comerciais na Europa e na Ásia . O setor siderúrgico projeta novos investimentos em modernização .
na	ADP	0	3	18	A exportação de aço nacional registreu recorde no mês passado , com forte demanda vinda de parceiros comerciais na Europa e na Ásia . O setor siderúrgico projeta novos investimentos em modernização .
Europa	PROPN	0	3	19	A exportação de aço nacional registreu recorde no mês passado , com forte demanda vinda de parceiros comerciais na Europa e na Ásia . O setor siderúrgico projeta novos investimentos em modernização .
e	CCONJ	0	3	20	A exportação de aço nacional registreu recorde no mês passado , com forte demanda vinda de parceiros comerciais na Europa e na Ásia . O setor siderúrgico projeta novos investimentos em modernização .
na	ADP	0	3	21	A exportação de aço nacional registreu recorde no mês passado , com forte demanda vinda de parceiros comerciais na Europa e na Ásia . O setor siderúrgico projeta novos investimentos em modernização .
Ásia	PROPN	0	3	22	A exportação de aço nacional registreu recorde no mês passado , com forte demanda vinda de parceiros comerciais na Europa e na Ásia . O setor siderúrgico projeta novos investimentos em modernização .
.	PUNCT	0	3	23	A exportação de aço nacional registreu recorde no mês passado , com forte demanda vinda de parceiros comerciais na Europa e na Ásia . O setor siderúrgico projeta novos investimentos em modernização .
O	DET	0	3	24	A exportação de aço nacional registreu recorde no mês passado , com forte demanda vinda de parceiros comerciais na Europa e na Ásia . O setor siderúrgico projeta novos investimentos em modernização .
setor	NOUN	0	3	25	A exportação de aço nacional registreu recorde no mês passado , com forte demanda vinda de parceiros comerciais na Europa e na Ásia . O setor siderúrgico projeta novos investimentos em modernização .
siderúrgico	ADJ	1	3	26	A exportação de aço nacional registreu recorde no mês passado , com forte demanda vinda de parceiros comerciais na Europa e na Ásia . O setor siderúrgico projeta novos investimentos em modernização .
projeta	VERB	1	3	27	A exportação de aço nacional registreu recorde no mês passado , com forte demanda vinda de parceiros comerciais na Europa e na Ásia . O setor siderúrgico projeta novos investimentos em modernização .
novos	ADJ	0	3	28	A exportação de aço nacional registreu recorde no mês passado , com forte demanda vinda de parceiros comerciais na Europa e na Ásia . O setor siderúrgico projeta novos investimentos em modernização .
investimentos	NOUN	0	3	29	A exportação de aço nacional registreu recorde no mês passado , com forte demanda vinda de parceiros comerciais na Europa e na Ásia . O setor siderúrgico projeta novos investimentos em modernização .
em	ADP	0	3	30	A exportação de aço nacional registreu recorde no mês passado , com forte demanda vinda de parceiros comerciais na Europa e na Ásia . O setor siderúrgico projeta novos investimentos em modernização .
modernização	NOUN	0	3	31	A exportação de aço nacional registreu recorde no mês passado , com forte demanda vinda de parceiros comerciais na Europa e na Ásia . O setor siderúrgico projeta novos investimentos em modernização .
.	PUNCT	0	3	32	A exportação de aço nacional registreu recorde no mês passado , com forte demanda vinda de parceiros comerciais na Europa e na Ásia . O setor siderúrgico projeta novos investimentos em modernização .
A	DET	0	4	0	A indústria têxtil nacional investiu em automação industrial para reduzir custos operacionais e competir com os produtos importados . Novas máquinas de fiação digital foram adquiridas pelas principais empresas do setor .
indústria	NOUN	0	4	1	A indústria têxtil nacional investiu em automação industrial para reduzir custos operacionais e competir com os produtos importados . Novas máquinas de fiação digital foram adquiridas pelas principais empresas do setor .
têxtil	ADJ	1	4	2	A indústria têxtil nacional investiu em automação industrial para reduzir custos operacionais e competir com os produtos importados . Novas máquinas de fiação digital foram adquiridas pelas principais empresas do setor .
nacional	ADJ	0	4	3	A indústria têxtil nacional investiu em automação industrial para reduzir custos operacionais e competir com os produtos importados . Novas máquinas de fiação digital foram adquiridas pelas principais empresas do setor .
investiu	VERB	1	4	4	A indústria têxtil nacional investiu em automação industrial para reduzir custos operacionais e competir com os produtos importados . Novas máquinas de fiação digital foram adquiridas pelas principais empresas do setor .
em	ADP	0	4	5	A indústria têxtil nacional investiu em automação industrial para reduzir custos operacionais e competir com os produtos importados . Novas máquinas de fiação digital foram adquiridas pelas principais empresas do setor .
automação	NOUN	1	4	6	A indústria têxtil nacional investiu em automação industrial para reduzir custos operacionais e competir com os produtos importados . Novas máquinas de fiação digital foram adquiridas pelas principais empresas do setor .
industrial	ADJ	0	4	7	A indústria têxtil nacional investiu em automação industrial para reduzir custos operacionais e competir com os produtos importados . Novas máquinas de fiação digital foram adquiridas pelas principais empresas do setor .
para	SCONJ	0	4	8	A indústria têxtil nacional investiu em automação industrial para reduzir custos operacionais e competir com os produtos importados . Novas máquinas de fiação digital foram adquiridas pelas principais empresas do setor .
reduzir	VERB	0	4	9	A indústria têxtil nacional investiu em automação industrial para reduzir custos operacionais e competir com os produtos importados . Novas máquinas de fiação digital foram adquiridas pelas principais empresas do setor .
custos	NOUN	0	4	10	A indústria têxtil nacional investiu em automação industrial para reduzir custos operacionais e competir com os produtos importados . Novas máquinas de fiação digital foram adquiridas pelas principais empresas do setor .
operacionais	ADJ	0	4	11	A indústria têxtil nacional investiu em automação industrial para reduzir custos operacionais e competir com os produtos importados . Novas máquinas de fiação digital foram adquiridas pelas principais empresas do setor .
e	CCONJ	0	4	12	A indústria têxtil nacional investiu em automação industrial para reduzir custos operacionais e competir com os produtos importados . Novas máquinas de fiação digital foram adquiridas pelas principais empresas do setor .
competir	VERB	0	4	13	A indústria têxtil nacional investiu em automação industrial para reduzir custos operacionais e competir com os produtos importados . Novas máquinas de fiação digital foram adquiridas pelas principais empresas do setor .
com	ADP	0	4	14	A indústria têxtil nacional investiu em automação industrial para reduzir custos operacionais e competir com os produtos importados . Novas máquinas de fiação digital foram adquiridas pelas principais empresas do setor .
os	DET	0	4	15	A indústria têxtil nacional investiu em automação industrial para reduzir custos operacionais e competir com os produtos importados . Novas máquinas de fiação digital foram adquiridas pelas principais empresas do setor .
produtos	NOUN	0	4	16	A indústria têxtil nacional investiu em automação industrial para reduzir custos operacionais e competir com os produtos importados . Novas máquinas de fiação digital foram adquiridas pelas principais empresas do setor .
importados	VERB	1	4	17	A indústria têxtil nacional investiu em automação industrial para reduzir custos operacionais e competir com os produtos importados . Novas máquinas de fiação digital foram adquiridas pelas principais empresas do setor .
.	PUNCT	0	4	18	A indústria têxtil nacional investiu em automação industrial para reduzir custos operacionais e competir com os produtos importados . Novas máquinas de fiação digital foram adquiridas pelas principais empresas do setor .
Novas	ADJ	0	4	19	A indústria têxtil nacional investiu em automação industrial para reduzir custos operacionais e competir com os produtos importados . Novas máquinas de fiação digital foram adquiridas pelas principais empresas do setor .
máquinas	NOUN	0	4	20	A indústria têxtil nacional investiu em automação industrial para reduzir custos operacionais e competir com os produtos importados . Novas máquinas de fiação digital foram adquiridas pelas principais empresas do setor .
de	ADP	0	4	21	A indústria têxtil nacional investiu em automação industrial para reduzir custos operacionais e competir com os produtos importados . Novas máquinas de fiação digital foram adquiridas pelas principais empresas do setor .
fiação	NOUN	1	4	22	A indústria têxtil nacional investiu em automação industrial para reduzir custos operacionais e competir com os produtos importados . Novas máquinas de fiação digital foram adquiridas pelas principais empresas do setor .
digital	ADJ	0	4	23	A indústria têxtil nacional investiu em automação industrial para reduzir custos operacionais e competir com os produtos importados . Novas máquinas de fiação digital foram adquiridas pelas principais empresas do setor .
foram	AUX	0	4	24	A indústria têxtil nacional investiu em automação industrial para reduzir custos operacionais e competir com os produtos importados . Novas máquinas de fiação digital foram adquiridas pelas principais empresas do setor .
adquiridas	VERB	1	4	25	A indústria têxtil nacional investiu em automação industrial para reduzir custos operacionais e competir com os produtos importados . Novas máquinas de fiação digital foram adquiridas pelas principais empresas do setor .
pelas	ADP	0	4	26	A indústria têxtil nacional investiu em automação industrial para reduzir custos operacionais e competir com os produtos importados . Novas máquinas de fiação digital foram adquiridas pelas principais empresas do setor .
principais	ADJ	0	4	27	A indústria têxtil nacional investiu em automação industrial para reduzir custos operacionais e competir com os produtos importados . Novas máquinas de fiação digital foram adquiridas pelas principais empresas do setor .
empresas	NOUN	0	4	28	A indústria têxtil nacional investiu em automação industrial para reduzir custos operacionais e competir com os produtos importados . Novas máquinas de fiação digital foram adquiridas pelas principais empresas do setor .
do	ADP	0	4	29	A indústria têxtil nacional investiu em automação industrial para reduzir custos operacionais e competir com os produtos importados . Novas máquinas de fiação digital foram adquiridas pelas principais empresas do setor .
setor	NOUN	0	4	30	A indústria têxtil nacional investiu em automação industrial para reduzir custos operacionais e competir com os produtos importados . Novas máquinas de fiação digital foram adquiridas pelas principais empresas do setor .
.	PUNCT	0	4	31	A indústria têxtil nacional investiu em automação industrial para reduzir custos operacionais e competir com os produtos importados . Novas máquinas de fiação digital foram adquiridas pelas principais empresas do setor .
O	DET	0	5	0	O governo federal anunciou uma nova linha de crédito subsidiado para a digitalização de pequenas e médias indústrias . O programa visa aumentar a produtividade fabril por meio da adoção de tecnologias da Indústria 4.0 .
governo	NOUN	0	5	1	O governo federal anunciou uma nova linha de crédito subsidiado para a digitalização de pequenas e médias indústrias . O programa visa aumentar a produtividade fabril por meio da adoção de tecnologias da Indústria 4.0 .
federal	ADJ	0	5	2	O governo federal anunciou uma nova linha de crédito subsidiado para a digitalização de pequenas e médias indústrias . O programa visa aumentar a produtividade fabril por meio da adoção de tecnologias da Indústria 4.0 .
anunciou	VERB	0	5	3	O governo federal anunciou uma nova linha de crédito subsidiado para a digitalização de pequenas e médias indústrias . O programa visa aumentar a produtividade fabril por meio da adoção de tecnologias da Indústria 4.0 .
uma	DET	0	5	4	O governo federal anunciou uma nova linha de crédito subsidiado para a digitalização de pequenas e médias indústrias . O programa visa aumentar a produtividade fabril por meio da adoção de tecnologias da Indústria 4.0 .
nova	ADJ	0	5	5	O governo federal anunciou uma nova linha de crédito subsidiado para a digitalização de pequenas e médias indústrias . O programa visa aumentar a produtividade fabril por meio da adoção de tecnologias da Indústria 4.0 .
linha	NOUN	0	5	6	O governo federal anunciou uma nova linha de crédito subsidiado para a digitalização de pequenas e médias indústrias . O programa visa aumentar a produtividade fabril por meio da adoção de tecnologias da Indústria 4.0 .
de	ADP	0	5	7	O governo federal anunciou uma nova linha de crédito subsidiado para a digitalização de pequenas e médias indústrias . O programa visa aumentar a produtividade fabril por meio da adoção de tecnologias da Indústria 4.0 .
crédito	NOUN	0	5	8	O governo federal anunciou uma nova linha de crédito subsidiado para a digitalização de pequenas e médias indústrias . O programa visa aumentar a produtividade fabril por meio da adoção de tecnologias da Indústria 4.0 .
subsidiado	VERB	1	5	9	O governo federal anunciou uma nova linha de crédito subsidiado para a digitalização de pequenas e médias indústrias . O programa visa aumentar a produtividade fabril por meio da adoção de tecnologias da Indústria 4.0 .
para	ADP	0	5	10	O governo federal anunciou uma nova linha de crédito subsidiado para a digitalização de pequenas e médias indústrias . O programa visa aumentar a produtividade fabril por meio da adoção de tecnologias da Indústria 4.0 .
a	DET	0	5	11	O governo federal anunciou uma nova linha de crédito subsidiado para a digitalização de pequenas e médias indústrias . O programa visa aumentar a produtividade fabril por meio da adoção de tecnologias da Indústria 4.0 .
digitalização	NOUN	1	5	12	O governo federal anunciou uma nova linha de crédito subsidiado para a digitalização de pequenas e médias indústrias . O programa visa aumentar a produtividade fabril por meio da adoção de tecnologias da Indústria 4.0 .
de	ADP	0	5	13	O governo federal anunciou uma nova linha de crédito subsidiado para a digitalização de pequenas e médias indústrias . O programa visa aumentar a produtividade fabril por meio da adoção de tecnologias da Indústria 4.0 .
pequenas	ADJ	0	5	14	O governo federal anunciou uma nova linha de crédito subsidiado para a digitalização de pequenas e médias indústrias . O programa visa aumentar a produtividade fabril por meio da adoção de tecnologias da Indústria 4.0 .
e	CCONJ	0	5	15	O governo federal anunciou uma nova linha de crédito subsidiado para a digitalização de pequenas e médias indústrias . O programa visa aumentar a produtividade fabril por meio da adoção de tecnologias da Indústria 4.0 .
médias	ADJ	0	5	16	O governo federal anunciou uma nova linha de crédito subsidiado para a digitalização de pequenas e médias indústrias . O programa visa aumentar a produtividade fabril por meio da adoção de tecnologias da Indústria 4.0 .
indústrias	NOUN	0	5	17	O governo federal anunciou uma nova linha de crédito subsidiado para a digitalização de pequenas e médias indústrias . O programa visa aumentar a produtividade fabril por meio da adoção de tecnologias da Indústria 4.0 .
.	PUNCT	0	5	18	O governo federal anunciou uma nova linha de crédito subsidiado para a digitalização de pequenas e médias indústrias . O programa visa aumentar a produtividade fabril por meio da adoção de tecnologias da Indústria 4.0 .
O	DET	0	5	19	O governo federal anunciou uma nova linha de crédito subsidiado para a digitalização de pequenas e médias indústrias . O programa visa aumentar a produtividade fabril por meio da adoção de tecnologias da Indústria 4.0 .
programa	NOUN	0	5	20	O governo federal anunciou uma nova linha de crédito subsidiado para a digitalização de pequenas e médias indústrias . O programa visa aumentar a produtividade fabril por meio da adoção de tecnologias da Indústria 4.0 .
visa	VERB	0	5	21	O governo federal anunciou uma nova linha de crédito subsidiado para a digitalização de pequenas e médias indústrias . O programa visa aumentar a produtividade fabril por meio da adoção de tecnologias da Indústria 4.0 .
aumentar	VERB	0	5	22	O governo federal anunciou uma nova linha de crédito subsidiado para a digitalização de pequenas e médias indústrias . O programa visa aumentar a produtividade fabril por meio da adoção de tecnologias da Indústria 4.0 .
a	DET	0	5	23	O governo federal anunciou uma nova linha de crédito subsidiado para a digitalização de pequenas e médias indústrias . O programa visa aumentar a produtividade fabril por meio da adoção de tecnologias da Indústria 4.0 .
produtividade	NOUN	0	5	24	O governo federal anunciou uma nova linha de crédito subsidiado para a digitalização de pequenas e médias indústrias . O programa visa aumentar a produtividade fabril por meio da adoção de tecnologias da Indústria 4.0 .
fabril	ADJ	1	5	25	O governo federal anunciou uma nova linha de crédito subsidiado para a digitalização de pequenas e médias indústrias . O programa visa aumentar a produtividade fabril por meio da adoção de tecnologias da Indústria 4.0 .
por	ADP	0	5	26	O governo federal anunciou uma nova linha de crédito subsidiado para a digitalização de pequenas e médias indústrias . O programa visa aumentar a produtividade fabril por meio da adoção de tecnologias da Indústria 4.0 .
meio	NOUN	0	5	27	O governo federal anunciou uma nova linha de crédito subsidiado para a digitalização de pequenas e médias indústrias . O programa visa aumentar a produtividade fabril por meio da adoção de tecnologias da Indústria 4.0 .
da	ADP	0	5	28	O governo federal anunciou uma nova linha de crédito subsidiado para a digitalização de pequenas e médias indústrias . O programa visa aumentar a produtividade fabril por meio da adoção de tecnologias da Indústria 4.0 .
adoção	NOUN	0	5	29	O governo federal anunciou uma nova linha de crédito subsidiado para a digitalização de pequenas e médias indústrias . O programa visa aumentar a produtividade fabril por meio da adoção de tecnologias da Indústria 4.0 .
de	ADP	0	5	30	O governo federal anunciou uma nova linha de crédito subsidiado para a digitalização de pequenas e médias indústrias . O programa visa aumentar a produtividade fabril por meio da adoção de tecnologias da Indústria 4.0 .
tecnologias	NOUN	0	5	31	O governo federal anunciou uma nova linha de crédito subsidiado para a digitalização de pequenas e médias indústrias . O programa visa aumentar a produtividade fabril por meio da adoção de tecnologias da Indústria 4.0 .
da	ADP	0	5	32	O governo federal anunciou uma nova linha de crédito subsidiado para a digitalização de pequenas e médias indústrias . O programa visa aumentar a produtividade fabril por meio da adoção de tecnologias da Indústria 4.0 .
Indústria	PROPN	0	5	33	O governo federal anunciou uma nova linha de crédito subsidiado para a digitalização de pequenas e médias indústrias . O programa visa aumentar a produtividade fabril por meio da adoção de tecnologias da Indústria 4.0 .
4.0	PROPN	1	5	34	O governo federal anunciou uma nova linha de crédito subsidiado para a digitalização de pequenas e médias indústrias . O programa visa aumentar a produtividade fabril por meio da adoção de tecnologias da Indústria 4.0 .
.	PUNCT	0	5	35	O governo federal anunciou uma nova linha de crédito subsidiado para a digitalização de pequenas e médias indústrias . O programa visa aumentar a produtividade fabril por meio da adoção de tecnologias da Indústria 4.0 .
A	DET	0	6	0	A produção de veículos elétricos no país ganhou um novo incentivo fiscal com a redução do IPI para montadoras que utilizarem componentes fabricados localmente . A medida visa fortalecer a cadeia de suprimentos nacional .
produção	NOUN	0	6	1	A produção de veículos elétricos no país ganhou um novo incentivo fiscal com a redução do IPI para montadoras que utilizarem componentes fabricados localmente . A medida visa fortalecer a cadeia de suprimentos nacional .
de	ADP	0	6	2	A produção de veículos elétricos no país ganhou um novo incentivo fiscal com a redução do IPI para montadoras que utilizarem componentes fabricados localmente . A medida visa fortalecer a cadeia de suprimentos nacional .
veículos	NOUN	0	6	3	A produção de veículos elétricos no país ganhou um novo incentivo fiscal com a redução do IPI para montadoras que utilizarem componentes fabricados localmente . A medida visa fortalecer a cadeia de suprimentos nacional .
elétricos	ADJ	0	6	4	A produção de veículos elétricos no país ganhou um novo incentivo fiscal com a redução do IPI para montadoras que utilizarem componentes fabricados localmente . A medida visa fortalecer a cadeia de suprimentos nacional .
no	ADP	0	6	5	A produção de veículos elétricos no país ganhou um novo incentivo fiscal com a redução do IPI para montadoras que utilizarem componentes fabricados localmente . A medida visa fortalecer a cadeia de suprimentos nacional .
país	NOUN	0	6	6	A produção de veículos elétricos no país ganhou um novo incentivo fiscal com a redução do IPI para montadoras que utilizarem componentes fabricados localmente . A medida visa fortalecer a cadeia de suprimentos nacional .
ganhou	VERB	0	6	7	A produção de veículos elétricos no país ganhou um novo incentivo fiscal com a redução do IPI para montadoras que utilizarem componentes fabricados localmente . A medida visa fortalecer a cadeia de suprimentos nacional .
um	DET	0	6	8	A produção de veículos elétricos no país ganhou um novo incentivo fiscal com a redução do IPI para montadoras que utilizarem componentes fabricados localmente . A medida visa fortalecer a cadeia de suprimentos nacional .
novo	ADJ	0	6	9	A produção de veículos elétricos no país ganhou um novo incentivo fiscal com a redução do IPI para montadoras que utilizarem componentes fabricados localmente . A medida visa fortalecer a cadeia de suprimentos nacional .
incentivo	NOUN	0	6	10	A produção de veículos elétricos no país ganhou um novo incentivo fiscal com a redução do IPI para montadoras que utilizarem componentes fabricados localmente . A medida visa fortalecer a cadeia de suprimentos nacional .
fiscal	ADJ	0	6	11	A produção de veículos elétricos no país ganhou um novo incentivo fiscal com a redução do IPI para montadoras que utilizarem componentes fabricados localmente . A medida visa fortalecer a cadeia de suprimentos nacional .
com	ADP	0	6	12	A produção de veículos elétricos no país ganhou um novo incentivo fiscal com a redução do IPI para montadoras que utilizarem componentes fabricados localmente . A medida visa fortalecer a cadeia de suprimentos nacional .
a	DET	0	6	13	A produção de veículos elétricos no país ganhou um novo incentivo fiscal com a redução do IPI para montadoras que utilizarem componentes fabricados localmente . A medida visa fortalecer a cadeia de suprimentos nacional .
redução	NOUN	0	6	14	A produção de veículos elétricos no país ganhou um novo incentivo fiscal com a redução do IPI para montadoras que utilizarem componentes fabricados localmente . A medida visa fortalecer a cadeia de suprimentos nacional .
do	ADP	0	6	15	A produção de veículos elétricos no país ganhou um novo incentivo fiscal com a redução do IPI para montadoras que utilizarem componentes fabricados localmente . A medida visa fortalecer a cadeia de suprimentos nacional .
IPI	PROPN	1	6	16	A produção de veículos elétricos no país ganhou um novo incentivo fiscal com a redução do IPI para montadoras que utilizarem componentes fabricados localmente . A medida visa fortalecer a cadeia de suprimentos nacional .
para	ADP	0	6	17	A produção de veículos elétricos no país ganhou um novo incentivo fiscal com a redução do IPI para montadoras que utilizarem componentes fabricados localmente . A medida visa fortalecer a cadeia de suprimentos nacional .
montadoras	NOUN	1	6	18	A produção de veículos elétricos no país ganhou um novo incentivo fiscal com a redução do IPI para montadoras que utilizarem componentes fabricados localmente . A medida visa fortalecer a cadeia de suprimentos nacional .
que	PRON	0	6	19	A produção de veículos elétricos no país ganhou um novo incentivo fiscal com a redução do IPI para montadoras que utilizarem componentes fabricados localmente . A medida visa fortalecer a cadeia de suprimentos nacional .
utilizarem	VERB	1	6	20	A produção de veículos elétricos no país ganhou um novo incentivo fiscal com a redução do IPI para montadoras que utilizarem componentes fabricados localmente . A medida visa fortalecer a cadeia de suprimentos nacional .
componentes	NOUN	0	6	21	A produção de veículos elétricos no país ganhou um novo incentivo fiscal com a redução do IPI para montadoras que utilizarem componentes fabricados localmente . A medida visa fortalecer a cadeia de suprimentos nacional .
fabricados	VERB	0	6	22	A produção de veículos elétricos no país ganhou um novo incentivo fiscal com a redução do IPI para montadoras que utilizarem componentes fabricados localmente . A medida visa fortalecer a cadeia de suprimentos nacional .
localmente	ADV	0	6	23	A produção de veículos elétricos no país ganhou um novo incentivo fiscal com a redução do IPI para montadoras que utilizarem componentes fabricados localmente . A medida visa fortalecer a cadeia de suprimentos nacional .
.	PUNCT	0	6	24	A produção de veículos elétricos no país ganhou um novo incentivo fiscal com a redução do IPI para montadoras que utilizarem componentes fabricados localmente . A medida visa fortalecer a cadeia de suprimentos nacional .
A	DET	0	6	25	A produção de veículos elétricos no país ganhou um novo incentivo fiscal com a redução do IPI para montadoras que utilizarem componentes fabricados localmente . A medida visa fortalecer a cadeia de suprimentos nacional .
medida	NOUN	0	6	26	A produção de veículos elétricos no país ganhou um novo incentivo fiscal com a redução do IPI para montadoras que utilizarem componentes fabricados localmente . A medida visa fortalecer a cadeia de suprimentos nacional .
visa	VERB	0	6	27	A produção de veículos elétricos no país ganhou um novo incentivo fiscal com a redução do IPI para montadoras que utilizarem componentes fabricados localmente . A medida visa fortalecer a cadeia de suprimentos nacional .
fortalecer	VERB	0	6	28	A produção de veículos elétricos no país ganhou um novo incentivo fiscal com a redução do IPI para montadoras que utilizarem componentes fabricados localmente . A medida visa fortalecer a cadeia de suprimentos nacional .
a	DET	0	6	29	A produção de veículos elétricos no país ganhou um novo incentivo fiscal com a redução do IPI para montadoras que utilizarem componentes fabricados localmente . A medida visa fortalecer a cadeia de suprimentos nacional .
cadeia	NOUN	0	6	30	A produção de veículos elétricos no país ganhou um novo incentivo fiscal com a redução do IPI para montadoras que utilizarem componentes fabricados localmente . A medida visa fortalecer a cadeia de suprimentos nacional .
de	ADP	0	6	31	A produção de veículos elétricos no país ganhou um novo incentivo fiscal com a redução do IPI para montadoras que utilizarem componentes fabricados localmente . A medida visa fortalecer a cadeia de suprimentos nacional .
suprimentos	NOUN	0	6	32	A produção de veículos elétricos no país ganhou um novo incentivo fiscal com a redução do IPI para montadoras que utilizarem componentes fabricados localmente . A medida visa fortalecer a cadeia de suprimentos nacional .
nacional	ADJ	0	6	33	A produção de veículos elétricos no país ganhou um novo incentivo fiscal com a redução do IPI para montadoras que utilizarem componentes fabricados localmente . A medida visa fortalecer a cadeia de suprimentos nacional .
.	PUNCT	0	6	34	A produção de veículos elétricos no país ganhou um novo incentivo fiscal com a redução do IPI para montadoras que utilizarem componentes fabricados localmente . A medida visa fortalecer a cadeia de suprimentos nacional .
A	DET	0	7	0	A indústria química registrou uma queda de 2 % no faturamento devido ao aumento dos custos das matérias-primas importadas . O setor busca alternativas locais para o fornecimento de insumos básicos .
indústria	NOUN	0	7	1	A indústria química registrou uma queda de 2 % no faturamento devido ao aumento dos custos das matérias-primas importadas . O setor busca alternativas locais para o fornecimento de insumos básicos .
química	ADJ	0	7	2	A indústria química registrou uma queda de 2 % no faturamento devido ao aumento dos custos das matérias-primas importadas . O setor busca alternativas locais para o fornecimento de insumos básicos .
registrou	VERB	0	7	3	A indústria química registrou uma queda de 2 % no faturamento devido ao aumento dos custos das matérias-primas importadas . O setor busca alternativas locais para o fornecimento de insumos básicos .
uma	DET	0	7	4	A indústria química registrou uma queda de 2 % no faturamento devido ao aumento dos custos das matérias-primas importadas . O setor busca alternativas locais para o fornecimento de insumos básicos .
queda	NOUN	0	7	5	A indústria química registrou uma queda de 2 % no faturamento devido ao aumento dos custos das matérias-primas importadas . O setor busca alternativas locais para o fornecimento de insumos básicos .
de	ADP	0	7	6	A indústria química registrou uma queda de 2 % no faturamento devido ao aumento dos custos das matérias-primas importadas . O setor busca alternativas locais para o fornecimento de insumos básicos .
2	NUM	0	7	7	A indústria química registrou uma queda de 2 % no faturamento devido ao aumento dos custos das matérias-primas importadas . O setor busca alternativas locais para o fornecimento de insumos básicos .
%	SYM	0	7	8	A indústria química registrou uma queda de 2 % no faturamento devido ao aumento dos custos das matérias-primas importadas . O setor busca alternativas locais para o fornecimento de insumos básicos .
no	ADP	0	7	9	A indústria química registrou uma queda de 2 % no faturamento devido ao aumento dos custos das matérias-primas importadas . O setor busca alternativas locais para o fornecimento de insumos básicos .
faturamento	NOUN	1	7	10	A indústria química registrou uma queda de 2 % no faturamento devido ao aumento dos custos das matérias-primas importadas . O setor busca alternativas locais para o fornecimento de insumos básicos .
devido	ADV	0	7	11	A indústria química registrou uma queda de 2 % no faturamento devido ao aumento dos custos das matérias-primas importadas . O setor busca alternativas locais para o fornecimento de insumos básicos .
ao	ADP	0	7	12	A indústria química registrou uma queda de 2 % no faturamento devido ao aumento dos custos das matérias-primas importadas . O setor busca alternativas locais para o fornecimento de insumos básicos .
aumento	NOUN	0	7	13	A indústria química registrou uma queda de 2 % no faturamento devido ao aumento dos custos das matérias-primas importadas . O setor busca alternativas locais para o fornecimento de insumos básicos .
dos	ADP	0	7	14	A indústria química registrou uma queda de 2 % no faturamento devido ao aumento dos custos das matérias-primas importadas . O setor busca alternativas locais para o fornecimento de insumos básicos .
custos	NOUN	0	7	15	A indústria química registrou uma queda de 2 % no faturamento devido ao aumento dos custos das matérias-primas importadas . O setor busca alternativas locais para o fornecimento de insumos básicos .
das	ADP	0	7	16	A indústria química registrou uma queda de 2 % no faturamento devido ao aumento dos custos das matérias-primas importadas . O setor busca alternativas locais para o fornecimento de insumos básicos .
matérias-primas	NOUN	1	7	17	A indústria química registrou uma queda de 2 % no faturamento devido ao aumento dos custos das matérias-primas importadas . O setor busca alternativas locais para o fornecimento de insumos básicos .
importadas	VERB	1	7	18	A indústria química registrou uma queda de 2 % no faturamento devido ao aumento dos custos das matérias-primas importadas . O setor busca alternativas locais para o fornecimento de insumos básicos .
.	PUNCT	0	7	19	A indústria química registrou uma queda de 2 % no faturamento devido ao aumento dos custos das matérias-primas importadas . O setor busca alternativas locais para o fornecimento de insumos básicos .
O	DET	0	7	20	A indústria química registrou uma queda de 2 % no faturamento devido ao aumento dos custos das matérias-primas importadas . O setor busca alternativas locais para o fornecimento de insumos básicos .
setor	NOUN	0	7	21	A indústria química registrou uma queda de 2 % no faturamento devido ao aumento dos custos das matérias-primas importadas . O setor busca alternativas locais para o fornecimento de insumos básicos .
busca	VERB	0	7	22	A indústria química registrou uma queda de 2 % no faturamento devido ao aumento dos custos das matérias-primas importadas . O setor busca alternativas locais para o fornecimento de insumos básicos .
alternativas	NOUN	0	7	23	A indústria química registrou uma queda de 2 % no faturamento devido ao aumento dos custos das matérias-primas importadas . O setor busca alternativas locais para o fornecimento de insumos básicos .
locais	ADJ	0	7	24	A indústria química registrou uma queda de 2 % no faturamento devido ao aumento dos custos das matérias-primas importadas . O setor busca alternativas locais para o fornecimento de insumos básicos .
para	ADP	0	7	25	A indústria química registrou uma queda de 2 % no faturamento devido ao aumento dos custos das matérias-primas importadas . O setor busca alternativas locais para o fornecimento de insumos básicos .
o	DET	0	7	26	A indústria química registrou uma queda de 2 % no faturamento devido ao aumento dos custos das matérias-primas importadas . O setor busca alternativas locais para o fornecimento de insumos básicos .
fornecimento	NOUN	0	7	27	A indústria química registrou uma queda de 2 % no faturamento devido ao aumento dos custos das matérias-primas importadas . O setor busca alternativas locais para o fornecimento de insumos básicos .
de	ADP	0	7	28	A indústria química registrou uma queda de 2 % no faturamento devido ao aumento dos custos das matérias-primas importadas . O setor busca alternativas locais para o fornecimento de insumos básicos .
insumos	NOUN	1	7	29	A indústria química registrou uma queda de 2 % no faturamento devido ao aumento dos custos das matérias-primas importadas . O setor busca alternativas locais para o fornecimento de insumos básicos .
básicos	ADJ	0	7	30	A indústria química registrou uma queda de 2 % no faturamento devido ao aumento dos custos das matérias-primas importadas . O setor busca alternativas locais para o fornecimento de insumos básicos .
.	PUNCT	0	7	31	A indústria química registrou uma queda de 2 % no faturamento devido ao aumento dos custos das matérias-primas importadas . O setor busca alternativas locais para o fornecimento de insumos básicos .
Uma	DET	0	8	0	Uma multinacional de máquinas agrícolas inaugurou uma nova ala de montagem no Rio Grande do Sul . O projeto gerou trezentos novos empregos diretos e pretende abastecer o mercado da América Latina .
multinacional	NOUN	1	8	1	Uma multinacional de máquinas agrícolas inaugurou uma nova ala de montagem no Rio Grande do Sul . O projeto gerou trezentos novos empregos diretos e pretende abastecer o mercado da América Latina .
de	ADP	0	8	2	Uma multinacional de máquinas agrícolas inaugurou uma nova ala de montagem no Rio Grande do Sul . O projeto gerou trezentos novos empregos diretos e pretende abastecer o mercado da América Latina .
máquinas	NOUN	0	8	3	Uma multinacional de máquinas agrícolas inaugurou uma nova ala de montagem no Rio Grande do Sul . O projeto gerou trezentos novos empregos diretos e pretende abastecer o mercado da América Latina .
agrícolas	ADJ	0	8	4	Uma multinacional de máquinas agrícolas inaugurou uma nova ala de montagem no Rio Grande do Sul . O projeto gerou trezentos novos empregos diretos e pretende abastecer o mercado da América Latina .
inaugurou	VERB	0	8	5	Uma multinacional de máquinas agrícolas inaugurou uma nova ala de montagem no Rio Grande do Sul . O projeto gerou trezentos novos empregos diretos e pretende abastecer o mercado da América Latina .
uma	DET	0	8	6	Uma multinacional de máquinas agrícolas inaugurou uma nova ala de montagem no Rio Grande do Sul . O projeto gerou trezentos novos empregos diretos e pretende abastecer o mercado da América Latina .
nova	ADJ	0	8	7	Uma multinacional de máquinas agrícolas inaugurou uma nova ala de montagem no Rio Grande do Sul . O projeto gerou trezentos novos empregos diretos e pretende abastecer o mercado da América Latina .
ala	NOUN	0	8	8	Uma multinacional de máquinas agrícolas inaugurou uma nova ala de montagem no Rio Grande do Sul . O projeto gerou trezentos novos empregos diretos e pretende abastecer o mercado da América Latina .
de	ADP	0	8	9	Uma multinacional de máquinas agrícolas inaugurou uma nova ala de montagem no Rio Grande do Sul . O projeto gerou trezentos novos empregos diretos e pretende abastecer o mercado da América Latina .
montagem	NOUN	0	8	10	Uma multinacional de máquinas agrícolas inaugurou uma nova ala de montagem no Rio Grande do Sul . O projeto gerou trezentos novos empregos diretos e pretende abastecer o mercado da América Latina .
no	ADP	0	8	11	Uma multinacional de máquinas agrícolas inaugurou uma nova ala de montagem no Rio Grande do Sul . O projeto gerou trezentos novos empregos diretos e pretende abastecer o mercado da América Latina .
Rio	PROPN	0	8	12	Uma multinacional de máquinas agrícolas inaugurou uma nova ala de montagem no Rio Grande do Sul . O projeto gerou trezentos novos empregos diretos e pretende abastecer o mercado da América Latina .
Grande	PROPN	0	8	13	Uma multinacional de máquinas agrícolas inaugurou uma nova ala de montagem no Rio Grande do Sul . O projeto gerou trezentos novos empregos diretos e pretende abastecer o mercado da América Latina .
do	ADP	0	8	14	Uma multinacional de máquinas agrícolas inaugurou uma nova ala de montagem no Rio Grande do Sul . O projeto gerou trezentos novos empregos diretos e pretende abastecer o mercado da América Latina .
Sul	PROPN	0	8	15	Uma multinacional de máquinas agrícolas inaugurou uma nova ala de montagem no Rio Grande do Sul . O projeto gerou trezentos novos empregos diretos e pretende abastecer o mercado da América Latina .
.	PUNCT	0	8	16	Uma multinacional de máquinas agrícolas inaugurou uma nova ala de montagem no Rio Grande do Sul . O projeto gerou trezentos novos empregos diretos e pretende abastecer o mercado da América Latina .
O	DET	0	8	17	Uma multinacional de máquinas agrícolas inaugurou uma nova ala de montagem no Rio Grande do Sul . O projeto gerou trezentos novos empregos diretos e pretende abastecer o mercado da América Latina .
projeto	NOUN	0	8	18	Uma multinacional de máquinas agrícolas inaugurou uma nova ala de montagem no Rio Grande do Sul . O projeto gerou trezentos novos empregos diretos e pretende abastecer o mercado da América Latina .
gerou	VERB	0	8	19	Uma multinacional de máquinas agrícolas inaugurou uma nova ala de montagem no Rio Grande do Sul . O projeto gerou trezentos novos empregos diretos e pretende abastecer o mercado da América Latina .
trezentos	NUM	1	8	20	Uma multinacional de máquinas agrícolas inaugurou uma nova ala de montagem no Rio Grande do Sul . O projeto gerou trezentos novos empregos diretos e pretende abastecer o mercado da América Latina .
novos	ADJ	0	8	21	Uma multinacional de máquinas agrícolas inaugurou uma nova ala de montagem no Rio Grande do Sul . O projeto gerou trezentos novos empregos diretos e pretende abastecer o mercado da América Latina .
empregos	NOUN	0	8	22	Uma multinacional de máquinas agrícolas inaugurou uma nova ala de montagem no Rio Grande do Sul . O projeto gerou trezentos novos empregos diretos e pretende abastecer o mercado da América Latina .
diretos	ADJ	0	8	23	Uma multinacional de máquinas agrícolas inaugurou uma nova ala de montagem no Rio Grande do Sul . O projeto gerou trezentos novos empregos diretos e pretende abastecer o mercado da América Latina .
e	CCONJ	0	8	24	Uma multinacional de máquinas agrícolas inaugurou uma nova ala de montagem no Rio Grande do Sul . O projeto gerou trezentos novos empregos diretos e pretende abastecer o mercado da América Latina .
pretende	VERB	0	8	25	Uma multinacional de máquinas agrícolas inaugurou uma nova ala de montagem no Rio Grande do Sul . O projeto gerou trezentos novos empregos diretos e pretende abastecer o mercado da América Latina .
abastecer	VERB	1	8	26	Uma multinacional de máquinas agrícolas inaugurou uma nova ala de montagem no Rio Grande do Sul . O projeto gerou trezentos novos empregos diretos e pretende abastecer o mercado da América Latina .
o	DET	0	8	27	Uma multinacional de máquinas agrícolas inaugurou uma nova ala de montagem no Rio Grande do Sul . O projeto gerou trezentos novos empregos diretos e pretende abastecer o mercado da América Latina .
mercado	NOUN	0	8	28	Uma multinacional de máquinas agrícolas inaugurou uma nova ala de montagem no Rio Grande do Sul . O projeto gerou trezentos novos empregos diretos e pretende abastecer o mercado da América Latina .
da	ADP	0	8	29	Uma multinacional de máquinas agrícolas inaugurou uma nova ala de montagem no Rio Grande do Sul . O projeto gerou trezentos novos empregos diretos e pretende abastecer o mercado da América Latina .
América	PROPN	0	8	30	Uma multinacional de máquinas agrícolas inaugurou uma nova ala de montagem no Rio Grande do Sul . O projeto gerou trezentos novos empregos diretos e pretende abastecer o mercado da América Latina .
Latina	PROPN	0	8	31	Uma multinacional de máquinas agrícolas inaugurou uma nova ala de montagem no Rio Grande do Sul . O projeto gerou trezentos novos empregos diretos e pretende abastecer o mercado da América Latina .
.	PUNCT	0	8	32	Uma multinacional de máquinas agrícolas inaugurou uma nova ala de montagem no Rio Grande do Sul . O projeto gerou trezentos novos empregos diretos e pretende abastecer o mercado da América Latina .
O	DET	0	9	0	O consumo de energia elétrica na indústria cresceu pelo quarto mês consecutivo , sinalizando uma retomada firme das atividades fabris após o período de manutenção programada das grandes usinas .
consumo	NOUN	0	9	1	O consumo de energia elétrica na indústria cresceu pelo quarto mês consecutivo , sinalizando uma retomada firme das atividades fabris após o período de manutenção programada das grandes usinas .
de	ADP	0	9	2	O consumo de energia elétrica na indústria cresceu pelo quarto mês consecutivo , sinalizando uma retomada firme das atividades fabris após o período de manutenção programada das grandes usinas .
energia	NOUN	0	9	3	O consumo de energia elétrica na indústria cresceu pelo quarto mês consecutivo , sinalizando uma retomada firme das atividades fabris após o período de manutenção programada das grandes usinas .
elétrica	ADJ	0	9	4	O consumo de energia elétrica na indústria cresceu pelo quarto mês consecutivo , sinalizando uma retomada firme das atividades fabris após o período de manutenção programada das grandes usinas .
na	ADP	0	9	5	O consumo de energia elétrica na indústria cresceu pelo quarto mês consecutivo , sinalizando uma retomada firme das atividades fabris após o período de manutenção programada das grandes usinas .
indústria	NOUN	0	9	6	O consumo de energia elétrica na indústria cresceu pelo quarto mês consecutivo , sinalizando uma retomada firme das atividades fabris após o período de manutenção programada das grandes usinas .
cresceu	VERB	0	9	7	O consumo de energia elétrica na indústria cresceu pelo quarto mês consecutivo , sinalizando uma retomada firme das atividades fabris após o período de manutenção programada das grandes usinas .
pelo	ADP	0	9	8	O consumo de energia elétrica na indústria cresceu pelo quarto mês consecutivo , sinalizando uma retomada firme das atividades fabris após o período de manutenção programada das grandes usinas .
quarto	ADJ	0	9	9	O consumo de energia elétrica na indústria cresceu pelo quarto mês consecutivo , sinalizando uma retomada firme das atividades fabris após o período de manutenção programada das grandes usinas .
mês	NOUN	0	9	10	O consumo de energia elétrica na indústria cresceu pelo quarto mês consecutivo , sinalizando uma retomada firme das atividades fabris após o período de manutenção programada das grandes usinas .
consecutivo	ADJ	0	9	11	O consumo de energia elétrica na indústria cresceu pelo quarto mês consecutivo , sinalizando uma retomada firme das atividades fabris após o período de manutenção programada das grandes usinas .
,	PUNCT	0	9	12	O consumo de energia elétrica na indústria cresceu pelo quarto mês consecutivo , sinalizando uma retomada firme das atividades fabris após o período de manutenção programada das grandes usinas .
sinalizando	VERB	1	9	13	O consumo de energia elétrica na indústria cresceu pelo quarto mês consecutivo , sinalizando uma retomada firme das atividades fabris após o período de manutenção programada das grandes usinas .
uma	DET	0	9	14	O consumo de energia elétrica na indústria cresceu pelo quarto mês consecutivo , sinalizando uma retomada firme das atividades fabris após o período de manutenção programada das grandes usinas .
retomada	NOUN	0	9	15	O consumo de energia elétrica na indústria cresceu pelo quarto mês consecutivo , sinalizando uma retomada firme das atividades fabris após o período de manutenção programada das grandes usinas .
firme	ADJ	0	9	16	O consumo de energia elétrica na indústria cresceu pelo quarto mês consecutivo , sinalizando uma retomada firme das atividades fabris após o período de manutenção programada das grandes usinas .
das	ADP	0	9	17	O consumo de energia elétrica na indústria cresceu pelo quarto mês consecutivo , sinalizando uma retomada firme das atividades fabris após o período de manutenção programada das grandes usinas .
atividades	NOUN	0	9	18	O consumo de energia elétrica na indústria cresceu pelo quarto mês consecutivo , sinalizando uma retomada firme das atividades fabris após o período de manutenção programada das grandes usinas .
fabris	ADJ	1	9	19	O consumo de energia elétrica na indústria cresceu pelo quarto mês consecutivo , sinalizando uma retomada firme das atividades fabris após o período de manutenção programada das grandes usinas .
após	ADP	0	9	20	O consumo de energia elétrica na indústria cresceu pelo quarto mês consecutivo , sinalizando uma retomada firme das atividades fabris após o período de manutenção programada das grandes usinas .
o	DET	0	9	21	O consumo de energia elétrica na indústria cresceu pelo quarto mês consecutivo , sinalizando uma retomada firme das atividades fabris após o período de manutenção programada das grandes usinas .
período	NOUN	0	9	22	O consumo de energia elétrica na indústria cresceu pelo quarto mês consecutivo , sinalizando uma retomada firme das atividades fabris após o período de manutenção programada das grandes usinas .
de	ADP	0	9	23	O consumo de energia elétrica na indústria cresceu pelo quarto mês consecutivo , sinalizando uma retomada firme das atividades fabris após o período de manutenção programada das grandes usinas .
manutenção	NOUN	0	9	24	O consumo de energia elétrica na indústria cresceu pelo quarto mês consecutivo , sinalizando uma retomada firme das atividades fabris após o período de manutenção programada das grandes usinas .
programada	VERB	1	9	25	O consumo de energia elétrica na indústria cresceu pelo quarto mês consecutivo , sinalizando uma retomada firme das atividades fabris após o período de manutenção programada das grandes usinas .
das	ADP	0	9	26	O consumo de energia elétrica na indústria cresceu pelo quarto mês consecutivo , sinalizando uma retomada firme das atividades fabris após o período de manutenção programada das grandes usinas .
grandes	ADJ	0	9	27	O consumo de energia elétrica na indústria cresceu pelo quarto mês consecutivo , sinalizando uma retomada firme das atividades fabris após o período de manutenção programada das grandes usinas .
usinas	NOUN	0	9	28	O consumo de energia elétrica na indústria cresceu pelo quarto mês consecutivo , sinalizando uma retomada firme das atividades fabris após o período de manutenção programada das grandes usinas .
.	PUNCT	0	9	29	O consumo de energia elétrica na indústria cresceu pelo quarto mês consecutivo , sinalizando uma retomada firme das atividades fabris após o período de manutenção programada das grandes usinas .
Consórcios	NOUN	1	10	0	Consórcios de empresas privadas fecharam parcerias com universidades para criar centros de pesquisa voltados para a descarbonização industrial . O foco inicial será a substituição de combustíveis fósseis por hidrogênio verde .
de	ADP	0	10	1	Consórcios de empresas privadas fecharam parcerias com universidades para criar centros de pesquisa voltados para a descarbonização industrial . O foco inicial será a substituição de combustíveis fósseis por hidrogênio verde .
empresas	NOUN	0	10	2	Consórcios de empresas privadas fecharam parcerias com universidades para criar centros de pesquisa voltados para a descarbonização industrial . O foco inicial será a substituição de combustíveis fósseis por hidrogênio verde .
privadas	ADJ	0	10	3	Consórcios de empresas privadas fecharam parcerias com universidades para criar centros de pesquisa voltados para a descarbonização industrial . O foco inicial será a substituição de combustíveis fósseis por hidrogênio verde .
fecharam	VERB	1	10	4	Consórcios de empresas privadas fecharam parcerias com universidades para criar centros de pesquisa voltados para a descarbonização industrial . O foco inicial será a substituição de combustíveis fósseis por hidrogênio verde .
parcerias	NOUN	0	10	5	Consórcios de empresas privadas fecharam parcerias com universidades para criar centros de pesquisa voltados para a descarbonização industrial . O foco inicial será a substituição de combustíveis fósseis por hidrogênio verde .
com	ADP	0	10	6	Consórcios de empresas privadas fecharam parcerias com universidades para criar centros de pesquisa voltados para a descarbonização industrial . O foco inicial será a substituição de combustíveis fósseis por hidrogênio verde .
universidades	NOUN	0	10	7	Consórcios de empresas privadas fecharam parcerias com universidades para criar centros de pesquisa voltados para a descarbonização industrial . O foco inicial será a substituição de combustíveis fósseis por hidrogênio verde .
para	SCONJ	0	10	8	Consórcios de empresas privadas fecharam parcerias com universidades para criar centros de pesquisa voltados para a descarbonização industrial . O foco inicial será a substituição de combustíveis fósseis por hidrogênio verde .
criar	VERB	0	10	9	Consórcios de empresas privadas fecharam parcerias com universidades para criar centros de pesquisa voltados para a descarbonização industrial . O foco inicial será a substituição de combustíveis fósseis por hidrogênio verde .
centros	NOUN	0	10	10	Consórcios de empresas privadas fecharam parcerias com universidades para criar centros de pesquisa voltados para a descarbonização industrial . O foco inicial será a substituição de combustíveis fósseis por hidrogênio verde .
de	ADP	0	10	11	Consórcios de empresas privadas fecharam parcerias com universidades para criar centros de pesquisa voltados para a descarbonização industrial . O foco inicial será a substituição de combustíveis fósseis por hidrogênio verde .
pesquisa	NOUN	0	10	12	Consórcios de empresas privadas fecharam parcerias com universidades para criar centros de pesquisa voltados para a descarbonização industrial . O foco inicial será a substituição de combustíveis fósseis por hidrogênio verde .
voltados	VERB	0	10	13	Consórcios de empresas privadas fecharam parcerias com universidades para criar centros de pesquisa voltados para a descarbonização industrial . O foco inicial será a substituição de combustíveis fósseis por hidrogênio verde .
para	ADP	0	10	14	Consórcios de empresas privadas fecharam parcerias com universidades para criar centros de pesquisa voltados para a descarbonização industrial . O foco inicial será a substituição de combustíveis fósseis por hidrogênio verde .
a	DET	0	10	15	Consórcios de empresas privadas fecharam parcerias com universidades para criar centros de pesquisa voltados para a descarbonização industrial . O foco inicial será a substituição de combustíveis fósseis por hidrogênio verde .
descarbonização	NOUN	1	10	16	Consórcios de empresas privadas fecharam parcerias com universidades para criar centros de pesquisa voltados para a descarbonização industrial . O foco inicial será a substituição de combustíveis fósseis por hidrogênio verde .
industrial	ADJ	0	10	17	Consórcios de empresas privadas fecharam parcerias com universidades para criar centros de pesquisa voltados para a descarbonização industrial . O foco inicial será a substituição de combustíveis fósseis por hidrogênio verde .
.	PUNCT	0	10	18	Consórcios de empresas privadas fecharam parcerias com universidades para criar centros de pesquisa voltados para a descarbonização industrial . O foco inicial será a substituição de combustíveis fósseis por hidrogênio verde .
O	DET	0	10	19	Consórcios de empresas privadas fecharam parcerias com universidades para criar centros de pesquisa voltados para a descarbonização industrial . O foco inicial será a substituição de combustíveis fósseis por hidrogênio verde .
foco	NOUN	0	10	20	Consórcios de empresas privadas fecharam parcerias com universidades para criar centros de pesquisa voltados para a descarbonização industrial . O foco inicial será a substituição de combustíveis fósseis por hidrogênio verde .
inicial	ADJ	0	10	21	Consórcios de empresas privadas fecharam parcerias com universidades para criar centros de pesquisa voltados para a descarbonização industrial . O foco inicial será a substituição de combustíveis fósseis por hidrogênio verde .
será	AUX	0	10	22	Consórcios de empresas privadas fecharam parcerias com universidades para criar centros de pesquisa voltados para a descarbonização industrial . O foco inicial será a substituição de combustíveis fósseis por hidrogênio verde .
a	DET	0	10	23	Consórcios de empresas privadas fecharam parcerias com universidades para criar centros de pesquisa voltados para a descarbonização industrial . O foco inicial será a substituição de combustíveis fósseis por hidrogênio verde .
substituição	NOUN	0	10	24	Consórcios de empresas privadas fecharam parcerias com universidades para criar centros de pesquisa voltados para a descarbonização industrial . O foco inicial será a substituição de combustíveis fósseis por hidrogênio verde .
de	ADP	0	10	25	Consórcios de empresas privadas fecharam parcerias com universidades para criar centros de pesquisa voltados para a descarbonização industrial . O foco inicial será a substituição de combustíveis fósseis por hidrogênio verde .
combustíveis	NOUN	0	10	26	Consórcios de empresas privadas fecharam parcerias com universidades para criar centros de pesquisa voltados para a descarbonização industrial . O foco inicial será a substituição de combustíveis fósseis por hidrogênio verde .
fósseis	ADJ	0	10	27	Consórcios de empresas privadas fecharam parcerias com universidades para criar centros de pesquisa voltados para a descarbonização industrial . O foco inicial será a substituição de combustíveis fósseis por hidrogênio verde .
por	ADP	0	10	28	Consórcios de empresas privadas fecharam parcerias com universidades para criar centros de pesquisa voltados para a descarbonização industrial . O foco inicial será a substituição de combustíveis fósseis por hidrogênio verde .
hidrogênio	NOUN	0	10	29	Consórcios de empresas privadas fecharam parcerias com universidades para criar centros de pesquisa voltados para a descarbonização industrial . O foco inicial será a substituição de combustíveis fósseis por hidrogênio verde .
verde	ADJ	0	10	30	Consórcios de empresas privadas fecharam parcerias com universidades para criar centros de pesquisa voltados para a descarbonização industrial . O foco inicial será a substituição de combustíveis fósseis por hidrogênio verde .
.	PUNCT	0	10	31	Consórcios de empresas privadas fecharam parcerias com universidades para criar centros de pesquisa voltados para a descarbonização industrial . O foco inicial será a substituição de combustíveis fósseis por hidrogênio verde .
A	DET	0	11	0	A produção industrial de calçados projeta um crescimento de 5 % para as vendas de fim de ano . O aumento da eficiência produtiva e o design inovador ajudaram a conquistar novos mercados no exterior .
produção	NOUN	0	11	1	A produção industrial de calçados projeta um crescimento de 5 % para as vendas de fim de ano . O aumento da eficiência produtiva e o design inovador ajudaram a conquistar novos mercados no exterior .
industrial	ADJ	0	11	2	A produção industrial de calçados projeta um crescimento de 5 % para as vendas de fim de ano . O aumento da eficiência produtiva e o design inovador ajudaram a conquistar novos mercados no exterior .
de	ADP	0	11	3	A produção industrial de calçados projeta um crescimento de 5 % para as vendas de fim de ano . O aumento da eficiência produtiva e o design inovador ajudaram a conquistar novos mercados no exterior .
calçados	NOUN	1	11	4	A produção industrial de calçados projeta um crescimento de 5 % para as vendas de fim de ano . O aumento da eficiência produtiva e o design inovador ajudaram a conquistar novos mercados no exterior .
projeta	VERB	1	11	5	A produção industrial de calçados projeta um crescimento de 5 % para as vendas de fim de ano . O aumento da eficiência produtiva e o design inovador ajudaram a conquistar novos mercados no exterior .
um	DET	0	11	6	A produção industrial de calçados projeta um crescimento de 5 % para as vendas de fim de ano . O aumento da eficiência produtiva e o design inovador ajudaram a conquistar novos mercados no exterior .
crescimento	NOUN	0	11	7	A produção industrial de calçados projeta um crescimento de 5 % para as vendas de fim de ano . O aumento da eficiência produtiva e o design inovador ajudaram a conquistar novos mercados no exterior .
de	ADP	0	11	8	A produção industrial de calçados projeta um crescimento de 5 % para as vendas de fim de ano . O aumento da eficiência produtiva e o design inovador ajudaram a conquistar novos mercados no exterior .
5	NUM	0	11	9	A produção industrial de calçados projeta um crescimento de 5 % para as vendas de fim de ano . O aumento da eficiência produtiva e o design inovador ajudaram a conquistar novos mercados no exterior .
%	SYM	0	11	10	A produção industrial de calçados projeta um crescimento de 5 % para as vendas de fim de ano . O aumento da eficiência produtiva e o design inovador ajudaram a conquistar novos mercados no exterior .
para	ADP	0	11	11	A produção industrial de calçados projeta um crescimento de 5 % para as vendas de fim de ano . O aumento da eficiência produtiva e o design inovador ajudaram a conquistar novos mercados no exterior .
as	DET	0	11	12	A produção industrial de calçados projeta um crescimento de 5 % para as vendas de fim de ano . O aumento da eficiência produtiva e o design inovador ajudaram a conquistar novos mercados no exterior .
vendas	NOUN	0	11	13	A produção industrial de calçados projeta um crescimento de 5 % para as vendas de fim de ano . O aumento da eficiência produtiva e o design inovador ajudaram a conquistar novos mercados no exterior .
de	ADP	0	11	14	A produção industrial de calçados projeta um crescimento de 5 % para as vendas de fim de ano . O aumento da eficiência produtiva e o design inovador ajudaram a conquistar novos mercados no exterior .
fim	NOUN	0	11	15	A produção industrial de calçados projeta um crescimento de 5 % para as vendas de fim de ano . O aumento da eficiência produtiva e o design inovador ajudaram a conquistar novos mercados no exterior .
de	ADP	0	11	16	A produção industrial de calçados projeta um crescimento de 5 % para as vendas de fim de ano . O aumento da eficiência produtiva e o design inovador ajudaram a conquistar novos mercados no exterior .
ano	NOUN	0	11	17	A produção industrial de calçados projeta um crescimento de 5 % para as vendas de fim de ano . O aumento da eficiência produtiva e o design inovador ajudaram a conquistar novos mercados no exterior .
.	PUNCT	0	11	18	A produção industrial de calçados projeta um crescimento de 5 % para as vendas de fim de ano . O aumento da eficiência produtiva e o design inovador ajudaram a conquistar novos mercados no exterior .
O	DET	0	11	19	A produção industrial de calçados projeta um crescimento de 5 % para as vendas de fim de ano . O aumento da eficiência produtiva e o design inovador ajudaram a conquistar novos mercados no exterior .
aumento	NOUN	0	11	20	A produção industrial de calçados projeta um crescimento de 5 % para as vendas de fim de ano . O aumento da eficiência produtiva e o design inovador ajudaram a conquistar novos mercados no exterior .
da	ADP	0	11	21	A produção industrial de calçados projeta um crescimento de 5 % para as vendas de fim de ano . O aumento da eficiência produtiva e o design inovador ajudaram a conquistar novos mercados no exterior .
eficiência	NOUN	0	11	22	A produção industrial de calçados projeta um crescimento de 5 % para as vendas de fim de ano . O aumento da eficiência produtiva e o design inovador ajudaram a conquistar novos mercados no exterior .
produtiva	ADJ	1	11	23	A produção industrial de calçados projeta um crescimento de 5 % para as vendas de fim de ano . O aumento da eficiência produtiva e o design inovador ajudaram a conquistar novos mercados no exterior .
e	CCONJ	0	11	24	A produção industrial de calçados projeta um crescimento de 5 % para as vendas de fim de ano . O aumento da eficiência produtiva e o design inovador ajudaram a conquistar novos mercados no exterior .
o	DET	0	11	25	A produção industrial de calçados projeta um crescimento de 5 % para as vendas de fim de ano . O aumento da eficiência produtiva e o design inovador ajudaram a conquistar novos mercados no exterior .
design	NOUN	0	11	26	A produção industrial de calçados projeta um crescimento de 5 % para as vendas de fim de ano . O aumento da eficiência produtiva e o design inovador ajudaram a conquistar novos mercados no exterior .
inovador	ADJ	1	11	27	A produção industrial de calçados projeta um crescimento de 5 % para as vendas de fim de ano . O aumento da eficiência produtiva e o design inovador ajudaram a conquistar novos mercados no exterior .
ajudaram	VERB	0	11	28	A produção industrial de calçados projeta um crescimento de 5 % para as vendas de fim de ano . O aumento da eficiência produtiva e o design inovador ajudaram a conquistar novos mercados no exterior .
a	SCONJ	0	11	29	A produção industrial de calçados projeta um crescimento de 5 % para as vendas de fim de ano . O aumento da eficiência produtiva e o design inovador ajudaram a conquistar novos mercados no exterior .
conquistar	VERB	0	11	30	A produção industrial de calçados projeta um crescimento de 5 % para as vendas de fim de ano . O aumento da eficiência produtiva e o design inovador ajudaram a conquistar novos mercados no exterior .
novos	ADJ	0	11	31	A produção industrial de calçados projeta um crescimento de 5 % para as vendas de fim de ano . O aumento da eficiência produtiva e o design inovador ajudaram a conquistar novos mercados no exterior .
mercados	NOUN	0	11	32	A produção industrial de calçados projeta um crescimento de 5 % para as vendas de fim de ano . O aumento da eficiência produtiva e o design inovador ajudaram a conquistar novos mercados no exterior .
no	ADP	0	11	33	A produção industrial de calçados projeta um crescimento de 5 % para as vendas de fim de ano . O aumento da eficiência produtiva e o design inovador ajudaram a conquistar novos mercados no exterior .
exterior	NOUN	0	11	34	A produção industrial de calçados projeta um crescimento de 5 % para as vendas de fim de ano . O aumento da eficiência produtiva e o design inovador ajudaram a conquistar novos mercados no exterior .
.	PUNCT	0	11	35	A produção industrial de calçados projeta um crescimento de 5 % para as vendas de fim de ano . O aumento da eficiência produtiva e o design inovador ajudaram a conquistar novos mercados no exterior .
A	DET	0	12	0	A escassez de mão de obra qualificada em mecatrônica e automação tem preocupado os diretores de indústrias metalúrgicas . Empresas estão criando programas internos de treinamento para suprir a demanda .
escassez	NOUN	0	12	1	A escassez de mão de obra qualificada em mecatrônica e automação tem preocupado os diretores de indústrias metalúrgicas . Empresas estão criando programas internos de treinamento para suprir a demanda .
de	ADP	0	12	2	A escassez de mão de obra qualificada em mecatrônica e automação tem preocupado os diretores de indústrias metalúrgicas . Empresas estão criando programas internos de treinamento para suprir a demanda .
mão	NOUN	0	12	3	A escassez de mão de obra qualificada em mecatrônica e automação tem preocupado os diretores de indústrias metalúrgicas . Empresas estão criando programas internos de treinamento para suprir a demanda .
de	ADP	0	12	4	A escassez de mão de obra qualificada em mecatrônica e automação tem preocupado os diretores de indústrias metalúrgicas . Empresas estão criando programas internos de treinamento para suprir a demanda .
obra	NOUN	0	12	5	A escassez de mão de obra qualificada em mecatrônica e automação tem preocupado os diretores de indústrias metalúrgicas . Empresas estão criando programas internos de treinamento para suprir a demanda .
qualificada	VERB	1	12	6	A escassez de mão de obra qualificada em mecatrônica e automação tem preocupado os diretores de indústrias metalúrgicas . Empresas estão criando programas internos de treinamento para suprir a demanda .
em	ADP	0	12	7	A escassez de mão de obra qualificada em mecatrônica e automação tem preocupado os diretores de indústrias metalúrgicas . Empresas estão criando programas internos de treinamento para suprir a demanda .
mecatrônica	NOUN	1	12	8	A escassez de mão de obra qualificada em mecatrônica e automação tem preocupado os diretores de indústrias metalúrgicas . Empresas estão criando programas internos de treinamento para suprir a demanda .
e	CCONJ	0	12	9	A escassez de mão de obra qualificada em mecatrônica e automação tem preocupado os diretores de indústrias metalúrgicas . Empresas estão criando programas internos de treinamento para suprir a demanda .
automação	NOUN	1	12	10	A escassez de mão de obra qualificada em mecatrônica e automação tem preocupado os diretores de indústrias metalúrgicas . Empresas estão criando programas internos de treinamento para suprir a demanda .
tem	AUX	0	12	11	A escassez de mão de obra qualificada em mecatrônica e automação tem preocupado os diretores de indústrias metalúrgicas . Empresas estão criando programas internos de treinamento para suprir a demanda .
preocupado	VERB	0	12	12	A escassez de mão de obra qualificada em mecatrônica e automação tem preocupado os diretores de indústrias metalúrgicas . Empresas estão criando programas internos de treinamento para suprir a demanda .
os	DET	0	12	13	A escassez de mão de obra qualificada em mecatrônica e automação tem preocupado os diretores de indústrias metalúrgicas . Empresas estão criando programas internos de treinamento para suprir a demanda .
diretores	NOUN	0	12	14	A escassez de mão de obra qualificada em mecatrônica e automação tem preocupado os diretores de indústrias metalúrgicas . Empresas estão criando programas internos de treinamento para suprir a demanda .
de	ADP	0	12	15	A escassez de mão de obra qualificada em mecatrônica e automação tem preocupado os diretores de indústrias metalúrgicas . Empresas estão criando programas internos de treinamento para suprir a demanda .
indústrias	NOUN	0	12	16	A escassez de mão de obra qualificada em mecatrônica e automação tem preocupado os diretores de indústrias metalúrgicas . Empresas estão criando programas internos de treinamento para suprir a demanda .
metalúrgicas	ADJ	1	12	17	A escassez de mão de obra qualificada em mecatrônica e automação tem preocupado os diretores de indústrias metalúrgicas . Empresas estão criando programas internos de treinamento para suprir a demanda .
.	PUNCT	0	12	18	A escassez de mão de obra qualificada em mecatrônica e automação tem preocupado os diretores de indústrias metalúrgicas . Empresas estão criando programas internos de treinamento para suprir a demanda .
Empresas	NOUN	1	12	19	A escassez de mão de obra qualificada em mecatrônica e automação tem preocupado os diretores de indústrias metalúrgicas . Empresas estão criando programas internos de treinamento para suprir a demanda .
estão	AUX	0	12	20	A escassez de mão de obra qualificada em mecatrônica e automação tem preocupado os diretores de indústrias metalúrgicas . Empresas estão criando programas internos de treinamento para suprir a demanda .
criando	VERB	0	12	21	A escassez de mão de obra qualificada em mecatrônica e automação tem preocupado os diretores de indústrias metalúrgicas . Empresas estão criando programas internos de treinamento para suprir a demanda .
programas	NOUN	0	12	22	A escassez de mão de obra qualificada em mecatrônica e automação tem preocupado os diretores de indústrias metalúrgicas . Empresas estão criando programas internos de treinamento para suprir a demanda .
internos	ADJ	0	12	23	A escassez de mão de obra qualificada em mecatrônica e automação tem preocupado os diretores de indústrias metalúrgicas . Empresas estão criando programas internos de treinamento para suprir a demanda .
de	ADP	0	12	24	A escassez de mão de obra qualificada em mecatrônica e automação tem preocupado os diretores de indústrias metalúrgicas . Empresas estão criando programas internos de treinamento para suprir a demanda .
treinamento	NOUN	0	12	25	A escassez de mão de obra qualificada em mecatrônica e automação tem preocupado os diretores de indústrias metalúrgicas . Empresas estão criando programas internos de treinamento para suprir a demanda .
para	SCONJ	0	12	26	A escassez de mão de obra qualificada em mecatrônica e automação tem preocupado os diretores de indústrias metalúrgicas . Empresas estão criando programas internos de treinamento para suprir a demanda .
suprir	VERB	1	12	27	A escassez de mão de obra qualificada em mecatrônica e automação tem preocupado os diretores de indústrias metalúrgicas . Empresas estão criando programas internos de treinamento para suprir a demanda .
a	DET	0	12	28	A escassez de mão de obra qualificada em mecatrônica e automação tem preocupado os diretores de indústrias metalúrgicas . Empresas estão criando programas internos de treinamento para suprir a demanda .
demanda	NOUN	0	12	29	A escassez de mão de obra qualificada em mecatrônica e automação tem preocupado os diretores de indústrias metalúrgicas . Empresas estão criando programas internos de treinamento para suprir a demanda .
.	PUNCT	0	12	30	A escassez de mão de obra qualificada em mecatrônica e automação tem preocupado os diretores de indústrias metalúrgicas . Empresas estão criando programas internos de treinamento para suprir a demanda .
O	DET	0	13	0	O setor de celulose e papel anunciou a expansão de uma de suas maiores plantas industriais na região Centro-Oeste . O investimento bilionário deve aumentar a capacidade de exportação do país .
setor	NOUN	0	13	1	O setor de celulose e papel anunciou a expansão de uma de suas maiores plantas industriais na região Centro-Oeste . O investimento bilionário deve aumentar a capacidade de exportação do país .
de	ADP	0	13	2	O setor de celulose e papel anunciou a expansão de uma de suas maiores plantas industriais na região Centro-Oeste . O investimento bilionário deve aumentar a capacidade de exportação do país .
celulose	NOUN	1	13	3	O setor de celulose e papel anunciou a expansão de uma de suas maiores plantas industriais na região Centro-Oeste . O investimento bilionário deve aumentar a capacidade de exportação do país .
e	CCONJ	0	13	4	O setor de celulose e papel anunciou a expansão de uma de suas maiores plantas industriais na região Centro-Oeste . O investimento bilionário deve aumentar a capacidade de exportação do país .
papel	NOUN	0	13	5	O setor de celulose e papel anunciou a expansão de uma de suas maiores plantas industriais na região Centro-Oeste . O investimento bilionário deve aumentar a capacidade de exportação do país .
anunciou	VERB	0	13	6	O setor de celulose e papel anunciou a expansão de uma de suas maiores plantas industriais na região Centro-Oeste . O investimento bilionário deve aumentar a capacidade de exportação do país .
a	DET	0	13	7	O setor de celulose e papel anunciou a expansão de uma de suas maiores plantas industriais na região Centro-Oeste . O investimento bilionário deve aumentar a capacidade de exportação do país .
expansão	NOUN	0	13	8	O setor de celulose e papel anunciou a expansão de uma de suas maiores plantas industriais na região Centro-Oeste . O investimento bilionário deve aumentar a capacidade de exportação do país .
de	ADP	0	13	9	O setor de celulose e papel anunciou a expansão de uma de suas maiores plantas industriais na região Centro-Oeste . O investimento bilionário deve aumentar a capacidade de exportação do país .
uma	NUM	0	13	10	O setor de celulose e papel anunciou a expansão de uma de suas maiores plantas industriais na região Centro-Oeste . O investimento bilionário deve aumentar a capacidade de exportação do país .
de	ADP	0	13	11	O setor de celulose e papel anunciou a expansão de uma de suas maiores plantas industriais na região Centro-Oeste . O investimento bilionário deve aumentar a capacidade de exportação do país .
suas	DET	0	13	12	O setor de celulose e papel anunciou a expansão de uma de suas maiores plantas industriais na região Centro-Oeste . O investimento bilionário deve aumentar a capacidade de exportação do país .
maiores	ADJ	0	13	13	O setor de celulose e papel anunciou a expansão de uma de suas maiores plantas industriais na região Centro-Oeste . O investimento bilionário deve aumentar a capacidade de exportação do país .
plantas	NOUN	0	13	14	O setor de celulose e papel anunciou a expansão de uma de suas maiores plantas industriais na região Centro-Oeste . O investimento bilionário deve aumentar a capacidade de exportação do país .
industriais	ADJ	0	13	15	O setor de celulose e papel anunciou a expansão de uma de suas maiores plantas industriais na região Centro-Oeste . O investimento bilionário deve aumentar a capacidade de exportação do país .
na	ADP	0	13	16	O setor de celulose e papel anunciou a expansão de uma de suas maiores plantas industriais na região Centro-Oeste . O investimento bilionário deve aumentar a capacidade de exportação do país .
região	NOUN	0	13	17	O setor de celulose e papel anunciou a expansão de uma de suas maiores plantas industriais na região Centro-Oeste . O investimento bilionário deve aumentar a capacidade de exportação do país .
Centro-Oeste	PROPN	1	13	18	O setor de celulose e papel anunciou a expansão de uma de suas maiores plantas industriais na região Centro-Oeste . O investimento bilionário deve aumentar a capacidade de exportação do país .
.	PUNCT	0	13	19	O setor de celulose e papel anunciou a expansão de uma de suas maiores plantas industriais na região Centro-Oeste . O investimento bilionário deve aumentar a capacidade de exportação do país .
O	DET	0	13	20	O setor de celulose e papel anunciou a expansão de uma de suas maiores plantas industriais na região Centro-Oeste . O investimento bilionário deve aumentar a capacidade de exportação do país .
investimento	NOUN	0	13	21	O setor de celulose e papel anunciou a expansão de uma de suas maiores plantas industriais na região Centro-Oeste . O investimento bilionário deve aumentar a capacidade de exportação do país .
bilionário	ADJ	1	13	22	O setor de celulose e papel anunciou a expansão de uma de suas maiores plantas industriais na região Centro-Oeste . O investimento bilionário deve aumentar a capacidade de exportação do país .
deve	VERB	0	13	23	O setor de celulose e papel anunciou a expansão de uma de suas maiores plantas industriais na região Centro-Oeste . O investimento bilionário deve aumentar a capacidade de exportação do país .
aumentar	VERB	0	13	24	O setor de celulose e papel anunciou a expansão de uma de suas maiores plantas industriais na região Centro-Oeste . O investimento bilionário deve aumentar a capacidade de exportação do país .
a	DET	0	13	25	O setor de celulose e papel anunciou a expansão de uma de suas maiores plantas industriais na região Centro-Oeste . O investimento bilionário deve aumentar a capacidade de exportação do país .
capacidade	NOUN	0	13	26	O setor de celulose e papel anunciou a expansão de uma de suas maiores plantas industriais na região Centro-Oeste . O investimento bilionário deve aumentar a capacidade de exportação do país .
de	ADP	0	13	27	O setor de celulose e papel anunciou a expansão de uma de suas maiores plantas industriais na região Centro-Oeste . O investimento bilionário deve aumentar a capacidade de exportação do país .
exportação	NOUN	0	13	28	O setor de celulose e papel anunciou a expansão de uma de suas maiores plantas industriais na região Centro-Oeste . O investimento bilionário deve aumentar a capacidade de exportação do país .
do	ADP	0	13	29	O setor de celulose e papel anunciou a expansão de uma de suas maiores plantas industriais na região Centro-Oeste . O investimento bilionário deve aumentar a capacidade de exportação do país .
país	NOUN	0	13	30	O setor de celulose e papel anunciou a expansão de uma de suas maiores plantas industriais na região Centro-Oeste . O investimento bilionário deve aumentar a capacidade de exportação do país .
.	PUNCT	0	13	31	O setor de celulose e papel anunciou a expansão de uma de suas maiores plantas industriais na região Centro-Oeste . O investimento bilionário deve aumentar a capacidade de exportação do país .
Refinarias	PROPN	1	14	0	Refinarias nacionais iniciaram testes para a produção em larga escala de biocombustíveis voltados para a aviação . A transição energética abre um novo nicho de mercado para o parque industrial brasileiro .
nacionais	ADJ	0	14	1	Refinarias nacionais iniciaram testes para a produção em larga escala de biocombustíveis voltados para a aviação . A transição energética abre um novo nicho de mercado para o parque industrial brasileiro .
iniciaram	VERB	0	14	2	Refinarias nacionais iniciaram testes para a produção em larga escala de biocombustíveis voltados para a aviação . A transição energética abre um novo nicho de mercado para o parque industrial brasileiro .
testes	NOUN	0	14	3	Refinarias nacionais iniciaram testes para a produção em larga escala de biocombustíveis voltados para a aviação . A transição energética abre um novo nicho de mercado para o parque industrial brasileiro .
para	ADP	0	14	4	Refinarias nacionais iniciaram testes para a produção em larga escala de biocombustíveis voltados para a aviação . A transição energética abre um novo nicho de mercado para o parque industrial brasileiro .
a	DET	0	14	5	Refinarias nacionais iniciaram testes para a produção em larga escala de biocombustíveis voltados para a aviação . A transição energética abre um novo nicho de mercado para o parque industrial brasileiro .
produção	NOUN	0	14	6	Refinarias nacionais iniciaram testes para a produção em larga escala de biocombustíveis voltados para a aviação . A transição energética abre um novo nicho de mercado para o parque industrial brasileiro .
em	ADP	0	14	7	Refinarias nacionais iniciaram testes para a produção em larga escala de biocombustíveis voltados para a aviação . A transição energética abre um novo nicho de mercado para o parque industrial brasileiro .
larga	ADJ	0	14	8	Refinarias nacionais iniciaram testes para a produção em larga escala de biocombustíveis voltados para a aviação . A transição energética abre um novo nicho de mercado para o parque industrial brasileiro .
escala	NOUN	0	14	9	Refinarias nacionais iniciaram testes para a produção em larga escala de biocombustíveis voltados para a aviação . A transição energética abre um novo nicho de mercado para o parque industrial brasileiro .
de	ADP	0	14	10	Refinarias nacionais iniciaram testes para a produção em larga escala de biocombustíveis voltados para a aviação . A transição energética abre um novo nicho de mercado para o parque industrial brasileiro .
biocombustíveis	NOUN	1	14	11	Refinarias nacionais iniciaram testes para a produção em larga escala de biocombustíveis voltados para a aviação . A transição energética abre um novo nicho de mercado para o parque industrial brasileiro .
voltados	VERB	0	14	12	Refinarias nacionais iniciaram testes para a produção em larga escala de biocombustíveis voltados para a aviação . A transição energética abre um novo nicho de mercado para o parque industrial brasileiro .
para	ADP	0	14	13	Refinarias nacionais iniciaram testes para a produção em larga escala de biocombustíveis voltados para a aviação . A transição energética abre um novo nicho de mercado para o parque industrial brasileiro .
a	DET	0	14	14	Refinarias nacionais iniciaram testes para a produção em larga escala de biocombustíveis voltados para a aviação . A transição energética abre um novo nicho de mercado para o parque industrial brasileiro .
aviação	NOUN	0	14	15	Refinarias nacionais iniciaram testes para a produção em larga escala de biocombustíveis voltados para a aviação . A transição energética abre um novo nicho de mercado para o parque industrial brasileiro .
.	PUNCT	0	14	16	Refinarias nacionais iniciaram testes para a produção em larga escala de biocombustíveis voltados para a aviação . A transição energética abre um novo nicho de mercado para o parque industrial brasileiro .
A	DET	0	14	17	Refinarias nacionais iniciaram testes para a produção em larga escala de biocombustíveis voltados para a aviação . A transição energética abre um novo nicho de mercado para o parque industrial brasileiro .
transição	NOUN	0	14	18	Refinarias nacionais iniciaram testes para a produção em larga escala de biocombustíveis voltados para a aviação . A transição energética abre um novo nicho de mercado para o parque industrial brasileiro .
energética	ADJ	1	14	19	Refinarias nacionais iniciaram testes para a produção em larga escala de biocombustíveis voltados para a aviação . A transição energética abre um novo nicho de mercado para o parque industrial brasileiro .
abre	VERB	0	14	20	Refinarias nacionais iniciaram testes para a produção em larga escala de biocombustíveis voltados para a aviação . A transição energética abre um novo nicho de mercado para o parque industrial brasileiro .
um	DET	0	14	21	Refinarias nacionais iniciaram testes para a produção em larga escala de biocombustíveis voltados para a aviação . A transição energética abre um novo nicho de mercado para o parque industrial brasileiro .
novo	ADJ	0	14	22	Refinarias nacionais iniciaram testes para a produção em larga escala de biocombustíveis voltados para a aviação . A transição energética abre um novo nicho de mercado para o parque industrial brasileiro .
nicho	NOUN	1	14	23	Refinarias nacionais iniciaram testes para a produção em larga escala de biocombustíveis voltados para a aviação . A transição energética abre um novo nicho de mercado para o parque industrial brasileiro .
de	ADP	0	14	24	Refinarias nacionais iniciaram testes para a produção em larga escala de biocombustíveis voltados para a aviação . A transição energética abre um novo nicho de mercado para o parque industrial brasileiro .
mercado	NOUN	0	14	25	Refinarias nacionais iniciaram testes para a produção em larga escala de biocombustíveis voltados para a aviação . A transição energética abre um novo nicho de mercado para o parque industrial brasileiro .
para	ADP	0	14	26	Refinarias nacionais iniciaram testes para a produção em larga escala de biocombustíveis voltados para a aviação . A transição energética abre um novo nicho de mercado para o parque industrial brasileiro .
o	DET	0	14	27	Refinarias nacionais iniciaram testes para a produção em larga escala de biocombustíveis voltados para a aviação . A transição energética abre um novo nicho de mercado para o parque industrial brasileiro .
parque	NOUN	0	14	28	Refinarias nacionais iniciaram testes para a produção em larga escala de biocombustíveis voltados para a aviação . A transição energética abre um novo nicho de mercado para o parque industrial brasileiro .
industrial	ADJ	0	14	29	Refinarias nacionais iniciaram testes para a produção em larga escala de biocombustíveis voltados para a aviação . A transição energética abre um novo nicho de mercado para o parque industrial brasileiro .
brasileiro	ADJ	0	14	30	Refinarias nacionais iniciaram testes para a produção em larga escala de biocombustíveis voltados para a aviação . A transição energética abre um novo nicho de mercado para o parque industrial brasileiro .
.	PUNCT	0	14	31	Refinarias nacionais iniciaram testes para a produção em larga escala de biocombustíveis voltados para a aviação . A transição energética abre um novo nicho de mercado para o parque industrial brasileiro .
A	DET	0	15	0	A indústria de alimentos e bebidas registrou alta na produção de itens embalados . A modernização das linhas de empacotamento automático permitiu acelerar o ritmo de entrega para os supermercados .
indústria	NOUN	0	15	1	A indústria de alimentos e bebidas registrou alta na produção de itens embalados . A modernização das linhas de empacotamento automático permitiu acelerar o ritmo de entrega para os supermercados .
de	ADP	0	15	2	A indústria de alimentos e bebidas registrou alta na produção de itens embalados . A modernização das linhas de empacotamento automático permitiu acelerar o ritmo de entrega para os supermercados .
alimentos	NOUN	0	15	3	A indústria de alimentos e bebidas registrou alta na produção de itens embalados . A modernização das linhas de empacotamento automático permitiu acelerar o ritmo de entrega para os supermercados .
e	CCONJ	0	15	4	A indústria de alimentos e bebidas registrou alta na produção de itens embalados . A modernização das linhas de empacotamento automático permitiu acelerar o ritmo de entrega para os supermercados .
bebidas	NOUN	0	15	5	A indústria de alimentos e bebidas registrou alta na produção de itens embalados . A modernização das linhas de empacotamento automático permitiu acelerar o ritmo de entrega para os supermercados .
registrou	VERB	0	15	6	A indústria de alimentos e bebidas registrou alta na produção de itens embalados . A modernização das linhas de empacotamento automático permitiu acelerar o ritmo de entrega para os supermercados .
alta	ADJ	0	15	7	A indústria de alimentos e bebidas registrou alta na produção de itens embalados . A modernização das linhas de empacotamento automático permitiu acelerar o ritmo de entrega para os supermercados .
na	ADP	0	15	8	A indústria de alimentos e bebidas registrou alta na produção de itens embalados . A modernização das linhas de empacotamento automático permitiu acelerar o ritmo de entrega para os supermercados .
produção	NOUN	0	15	9	A indústria de alimentos e bebidas registrou alta na produção de itens embalados . A modernização das linhas de empacotamento automático permitiu acelerar o ritmo de entrega para os supermercados .
de	ADP	0	15	10	A indústria de alimentos e bebidas registrou alta na produção de itens embalados . A modernização das linhas de empacotamento automático permitiu acelerar o ritmo de entrega para os supermercados .
itens	NOUN	0	15	11	A indústria de alimentos e bebidas registrou alta na produção de itens embalados . A modernização das linhas de empacotamento automático permitiu acelerar o ritmo de entrega para os supermercados .
embalados	VERB	1	15	12	A indústria de alimentos e bebidas registrou alta na produção de itens embalados . A modernização das linhas de empacotamento automático permitiu acelerar o ritmo de entrega para os supermercados .
.	PUNCT	0	15	13	A indústria de alimentos e bebidas registrou alta na produção de itens embalados . A modernização das linhas de empacotamento automático permitiu acelerar o ritmo de entrega para os supermercados .
A	DET	0	15	14	A indústria de alimentos e bebidas registrou alta na produção de itens embalados . A modernização das linhas de empacotamento automático permitiu acelerar o ritmo de entrega para os supermercados .
modernização	NOUN	0	15	15	A indústria de alimentos e bebidas registrou alta na produção de itens embalados . A modernização das linhas de empacotamento automático permitiu acelerar o ritmo de entrega para os supermercados .
das	ADP	0	15	16	A indústria de alimentos e bebidas registrou alta na produção de itens embalados . A modernização das linhas de empacotamento automático permitiu acelerar o ritmo de entrega para os supermercados .
linhas	NOUN	0	15	17	A indústria de alimentos e bebidas registrou alta na produção de itens embalados . A modernização das linhas de empacotamento automático permitiu acelerar o ritmo de entrega para os supermercados .
de	ADP	0	15	18	A indústria de alimentos e bebidas registrou alta na produção de itens embalados . A modernização das linhas de empacotamento automático permitiu acelerar o ritmo de entrega para os supermercados .
empacotamento	NOUN	1	15	19	A indústria de alimentos e bebidas registrou alta na produção de itens embalados . A modernização das linhas de empacotamento automático permitiu acelerar o ritmo de entrega para os supermercados .
automático	ADJ	1	15	20	A indústria de alimentos e bebidas registrou alta na produção de itens embalados . A modernização das linhas de empacotamento automático permitiu acelerar o ritmo de entrega para os supermercados .
permitiu	VERB	0	15	21	A indústria de alimentos e bebidas registrou alta na produção de itens embalados . A modernização das linhas de empacotamento automático permitiu acelerar o ritmo de entrega para os supermercados .
acelerar	VERB	1	15	22	A indústria de alimentos e bebidas registrou alta na produção de itens embalados . A modernização das linhas de empacotamento automático permitiu acelerar o ritmo de entrega para os supermercados .
o	DET	0	15	23	A indústria de alimentos e bebidas registrou alta na produção de itens embalados . A modernização das linhas de empacotamento automático permitiu acelerar o ritmo de entrega para os supermercados .
ritmo	NOUN	0	15	24	A indústria de alimentos e bebidas registrou alta na produção de itens embalados . A modernização das linhas de empacotamento automático permitiu acelerar o ritmo de entrega para os supermercados .
de	ADP	0	15	25	A indústria de alimentos e bebidas registrou alta na produção de itens embalados . A modernização das linhas de empacotamento automático permitiu acelerar o ritmo de entrega para os supermercados .
entrega	NOUN	0	15	26	A indústria de alimentos e bebidas registrou alta na produção de itens embalados . A modernização das linhas de empacotamento automático permitiu acelerar o ritmo de entrega para os supermercados .
para	ADP	0	15	27	A indústria de alimentos e bebidas registrou alta na produção de itens embalados . A modernização das linhas de empacotamento automático permitiu acelerar o ritmo de entrega para os supermercados .
os	DET	0	15	28	A indústria de alimentos e bebidas registrou alta na produção de itens embalados . A modernização das linhas de empacotamento automático permitiu acelerar o ritmo de entrega para os supermercados .
supermercados	NOUN	1	15	29	A indústria de alimentos e bebidas registrou alta na produção de itens embalados . A modernização das linhas de empacotamento automático permitiu acelerar o ritmo de entrega para os supermercados .
.	PUNCT	0	15	30	A indústria de alimentos e bebidas registrou alta na produção de itens embalados . A modernização das linhas de empacotamento automático permitiu acelerar o ritmo de entrega para os supermercados .
A	DET	0	16	0	A zona franca de Manaus apresentou um aumento na montagem de eletrodomésticos e componentes eletrônicos . Isenções tarifárias recentes ajudaram a atrair novos fabricantes internacionais para a região .
zona	NOUN	0	16	1	A zona franca de Manaus apresentou um aumento na montagem de eletrodomésticos e componentes eletrônicos . Isenções tarifárias recentes ajudaram a atrair novos fabricantes internacionais para a região .
franca	ADJ	1	16	2	A zona franca de Manaus apresentou um aumento na montagem de eletrodomésticos e componentes eletrônicos . Isenções tarifárias recentes ajudaram a atrair novos fabricantes internacionais para a região .
de	ADP	0	16	3	A zona franca de Manaus apresentou um aumento na montagem de eletrodomésticos e componentes eletrônicos . Isenções tarifárias recentes ajudaram a atrair novos fabricantes internacionais para a região .
Manaus	PROPN	0	16	4	A zona franca de Manaus apresentou um aumento na montagem de eletrodomésticos e componentes eletrônicos . Isenções tarifárias recentes ajudaram a atrair novos fabricantes internacionais para a região .
apresentou	VERB	0	16	5	A zona franca de Manaus apresentou um aumento na montagem de eletrodomésticos e componentes eletrônicos . Isenções tarifárias recentes ajudaram a atrair novos fabricantes internacionais para a região .
um	DET	0	16	6	A zona franca de Manaus apresentou um aumento na montagem de eletrodomésticos e componentes eletrônicos . Isenções tarifárias recentes ajudaram a atrair novos fabricantes internacionais para a região .
aumento	NOUN	0	16	7	A zona franca de Manaus apresentou um aumento na montagem de eletrodomésticos e componentes eletrônicos . Isenções tarifárias recentes ajudaram a atrair novos fabricantes internacionais para a região .
na	ADP	0	16	8	A zona franca de Manaus apresentou um aumento na montagem de eletrodomésticos e componentes eletrônicos . Isenções tarifárias recentes ajudaram a atrair novos fabricantes internacionais para a região .
montagem	NOUN	0	16	9	A zona franca de Manaus apresentou um aumento na montagem de eletrodomésticos e componentes eletrônicos . Isenções tarifárias recentes ajudaram a atrair novos fabricantes internacionais para a região .
de	ADP	0	16	10	A zona franca de Manaus apresentou um aumento na montagem de eletrodomésticos e componentes eletrônicos . Isenções tarifárias recentes ajudaram a atrair novos fabricantes internacionais para a região .
eletrodomésticos	NOUN	1	16	11	A zona franca de Manaus apresentou um aumento na montagem de eletrodomésticos e componentes eletrônicos . Isenções tarifárias recentes ajudaram a atrair novos fabricantes internacionais para a região .
e	CCONJ	0	16	12	A zona franca de Manaus apresentou um aumento na montagem de eletrodomésticos e componentes eletrônicos . Isenções tarifárias recentes ajudaram a atrair novos fabricantes internacionais para a região .
componentes	NOUN	0	16	13	A zona franca de Manaus apresentou um aumento na montagem de eletrodomésticos e componentes eletrônicos . Isenções tarifárias recentes ajudaram a atrair novos fabricantes internacionais para a região .
eletrônicos	ADJ	0	16	14	A zona franca de Manaus apresentou um aumento na montagem de eletrodomésticos e componentes eletrônicos . Isenções tarifárias recentes ajudaram a atrair novos fabricantes internacionais para a região .
.	PUNCT	0	16	15	A zona franca de Manaus apresentou um aumento na montagem de eletrodomésticos e componentes eletrônicos . Isenções tarifárias recentes ajudaram a atrair novos fabricantes internacionais para a região .
Isenções	NOUN	1	16	16	A zona franca de Manaus apresentou um aumento na montagem de eletrodomésticos e componentes eletrônicos . Isenções tarifárias recentes ajudaram a atrair novos fabricantes internacionais para a região .
tarifárias	ADJ	1	16	17	A zona franca de Manaus apresentou um aumento na montagem de eletrodomésticos e componentes eletrônicos . Isenções tarifárias recentes ajudaram a atrair novos fabricantes internacionais para a região .
recentes	ADJ	0	16	18	A zona franca de Manaus apresentou um aumento na montagem de eletrodomésticos e componentes eletrônicos . Isenções tarifárias recentes ajudaram a atrair novos fabricantes internacionais para a região .
ajudaram	VERB	0	16	19	A zona franca de Manaus apresentou um aumento na montagem de eletrodomésticos e componentes eletrônicos . Isenções tarifárias recentes ajudaram a atrair novos fabricantes internacionais para a região .
a	SCONJ	0	16	20	A zona franca de Manaus apresentou um aumento na montagem de eletrodomésticos e componentes eletrônicos . Isenções tarifárias recentes ajudaram a atrair novos fabricantes internacionais para a região .
atrair	VERB	0	16	21	A zona franca de Manaus apresentou um aumento na montagem de eletrodomésticos e componentes eletrônicos . Isenções tarifárias recentes ajudaram a atrair novos fabricantes internacionais para a região .
novos	ADJ	0	16	22	A zona franca de Manaus apresentou um aumento na montagem de eletrodomésticos e componentes eletrônicos . Isenções tarifárias recentes ajudaram a atrair novos fabricantes internacionais para a região .
fabricantes	NOUN	0	16	23	A zona franca de Manaus apresentou um aumento na montagem de eletrodomésticos e componentes eletrônicos . Isenções tarifárias recentes ajudaram a atrair novos fabricantes internacionais para a região .
internacionais	ADJ	0	16	24	A zona franca de Manaus apresentou um aumento na montagem de eletrodomésticos e componentes eletrônicos . Isenções tarifárias recentes ajudaram a atrair novos fabricantes internacionais para a região .
para	ADP	0	16	25	A zona franca de Manaus apresentou um aumento na montagem de eletrodomésticos e componentes eletrônicos . Isenções tarifárias recentes ajudaram a atrair novos fabricantes internacionais para a região .
a	DET	0	16	26	A zona franca de Manaus apresentou um aumento na montagem de eletrodomésticos e componentes eletrônicos . Isenções tarifárias recentes ajudaram a atrair novos fabricantes internacionais para a região .
região	NOUN	0	16	27	A zona franca de Manaus apresentou um aumento na montagem de eletrodomésticos e componentes eletrônicos . Isenções tarifárias recentes ajudaram a atrair novos fabricantes internacionais para a região .
.	PUNCT	0	16	28	A zona franca de Manaus apresentou um aumento na montagem de eletrodomésticos e componentes eletrônicos . Isenções tarifárias recentes ajudaram a atrair novos fabricantes internacionais para a região .
O	DET	0	17	0	O preço do minério de ferro no mercado internacional estabilizou , trazendo alívio financeiro para as grandes indústrias extrativistas e siderúrgicas que operam no território nacional .
preço	NOUN	0	17	1	O preço do minério de ferro no mercado internacional estabilizou , trazendo alívio financeiro para as grandes indústrias extrativistas e siderúrgicas que operam no território nacional .
do	ADP	0	17	2	O preço do minério de ferro no mercado internacional estabilizou , trazendo alívio financeiro para as grandes indústrias extrativistas e siderúrgicas que operam no território nacional .
minério	NOUN	0	17	3	O preço do minério de ferro no mercado internacional estabilizou , trazendo alívio financeiro para as grandes indústrias extrativistas e siderúrgicas que operam no território nacional .
de	ADP	0	17	4	O preço do minério de ferro no mercado internacional estabilizou , trazendo alívio financeiro para as grandes indústrias extrativistas e siderúrgicas que operam no território nacional .
ferro	NOUN	0	17	5	O preço do minério de ferro no mercado internacional estabilizou , trazendo alívio financeiro para as grandes indústrias extrativistas e siderúrgicas que operam no território nacional .
no	ADP	0	17	6	O preço do minério de ferro no mercado internacional estabilizou , trazendo alívio financeiro para as grandes indústrias extrativistas e siderúrgicas que operam no território nacional .
mercado	NOUN	0	17	7	O preço do minério de ferro no mercado internacional estabilizou , trazendo alívio financeiro para as grandes indústrias extrativistas e siderúrgicas que operam no território nacional .
internacional	ADJ	0	17	8	O preço do minério de ferro no mercado internacional estabilizou , trazendo alívio financeiro para as grandes indústrias extrativistas e siderúrgicas que operam no território nacional .
estabilizou	VERB	1	17	9	O preço do minério de ferro no mercado internacional estabilizou , trazendo alívio financeiro para as grandes indústrias extrativistas e siderúrgicas que operam no território nacional .
,	PUNCT	0	17	10	O preço do minério de ferro no mercado internacional estabilizou , trazendo alívio financeiro para as grandes indústrias extrativistas e siderúrgicas que operam no território nacional .
trazendo	VERB	0	17	11	O preço do minério de ferro no mercado internacional estabilizou , trazendo alívio financeiro para as grandes indústrias extrativistas e siderúrgicas que operam no território nacional .
alívio	NOUN	1	17	12	O preço do minério de ferro no mercado internacional estabilizou , trazendo alívio financeiro para as grandes indústrias extrativistas e siderúrgicas que operam no território nacional .
financeiro	ADJ	0	17	13	O preço do minério de ferro no mercado internacional estabilizou , trazendo alívio financeiro para as grandes indústrias extrativistas e siderúrgicas que operam no território nacional .
para	ADP	0	17	14	O preço do minério de ferro no mercado internacional estabilizou , trazendo alívio financeiro para as grandes indústrias extrativistas e siderúrgicas que operam no território nacional .
as	DET	0	17	15	O preço do minério de ferro no mercado internacional estabilizou , trazendo alívio financeiro para as grandes indústrias extrativistas e siderúrgicas que operam no território nacional .
grandes	ADJ	0	17	16	O preço do minério de ferro no mercado internacional estabilizou , trazendo alívio financeiro para as grandes indústrias extrativistas e siderúrgicas que operam no território nacional .
indústrias	NOUN	0	17	17	O preço do minério de ferro no mercado internacional estabilizou , trazendo alívio financeiro para as grandes indústrias extrativistas e siderúrgicas que operam no território nacional .
extrativistas	ADJ	1	17	18	O preço do minério de ferro no mercado internacional estabilizou , trazendo alívio financeiro para as grandes indústrias extrativistas e siderúrgicas que operam no território nacional .
e	CCONJ	0	17	19	O preço do minério de ferro no mercado internacional estabilizou , trazendo alívio financeiro para as grandes indústrias extrativistas e siderúrgicas que operam no território nacional .
siderúrgicas	ADJ	1	17	20	O preço do minério de ferro no mercado internacional estabilizou , trazendo alívio financeiro para as grandes indústrias extrativistas e siderúrgicas que operam no território nacional .
que	PRON	0	17	21	O preço do minério de ferro no mercado internacional estabilizou , trazendo alívio financeiro para as grandes indústrias extrativistas e siderúrgicas que operam no território nacional .
operam	VERB	1	17	22	O preço do minério de ferro no mercado internacional estabilizou , trazendo alívio financeiro para as grandes indústrias extrativistas e siderúrgicas que operam no território nacional .
no	ADP	0	17	23	O preço do minério de ferro no mercado internacional estabilizou , trazendo alívio financeiro para as grandes indústrias extrativistas e siderúrgicas que operam no território nacional .
território	NOUN	0	17	24	O preço do minério de ferro no mercado internacional estabilizou , trazendo alívio financeiro para as grandes indústrias extrativistas e siderúrgicas que operam no território nacional .
nacional	ADJ	0	17	25	O preço do minério de ferro no mercado internacional estabilizou , trazendo alívio financeiro para as grandes indústrias extrativistas e siderúrgicas que operam no território nacional .
.	PUNCT	0	17	26	O preço do minério de ferro no mercado internacional estabilizou , trazendo alívio financeiro para as grandes indústrias extrativistas e siderúrgicas que operam no território nacional .
Empresas	NOUN	1	18	0	Empresas do setor de fundição estão adotando sistemas de inteligência artificial para prever falhas em maquinários e otimizar o uso de energia nos fornos de alta temperatura .
do	ADP	0	18	1	Empresas do setor de fundição estão adotando sistemas de inteligência artificial para prever falhas em maquinários e otimizar o uso de energia nos fornos de alta temperatura .
setor	NOUN	0	18	2	Empresas do setor de fundição estão adotando sistemas de inteligência artificial para prever falhas em maquinários e otimizar o uso de energia nos fornos de alta temperatura .
de	ADP	0	18	3	Empresas do setor de fundição estão adotando sistemas de inteligência artificial para prever falhas em maquinários e otimizar o uso de energia nos fornos de alta temperatura .
fundição	NOUN	1	18	4	Empresas do setor de fundição estão adotando sistemas de inteligência artificial para prever falhas em maquinários e otimizar o uso de energia nos fornos de alta temperatura .
estão	AUX	0	18	5	Empresas do setor de fundição estão adotando sistemas de inteligência artificial para prever falhas em maquinários e otimizar o uso de energia nos fornos de alta temperatura .
adotando	VERB	1	18	6	Empresas do setor de fundição estão adotando sistemas de inteligência artificial para prever falhas em maquinários e otimizar o uso de energia nos fornos de alta temperatura .
sistemas	NOUN	0	18	7	Empresas do setor de fundição estão adotando sistemas de inteligência artificial para prever falhas em maquinários e otimizar o uso de energia nos fornos de alta temperatura .
de	ADP	0	18	8	Empresas do setor de fundição estão adotando sistemas de inteligência artificial para prever falhas em maquinários e otimizar o uso de energia nos fornos de alta temperatura .
inteligência	NOUN	0	18	9	Empresas do setor de fundição estão adotando sistemas de inteligência artificial para prever falhas em maquinários e otimizar o uso de energia nos fornos de alta temperatura .
artificial	ADJ	0	18	10	Empresas do setor de fundição estão adotando sistemas de inteligência artificial para prever falhas em maquinários e otimizar o uso de energia nos fornos de alta temperatura .
para	SCONJ	0	18	11	Empresas do setor de fundição estão adotando sistemas de inteligência artificial para prever falhas em maquinários e otimizar o uso de energia nos fornos de alta temperatura .
prever	VERB	0	18	12	Empresas do setor de fundição estão adotando sistemas de inteligência artificial para prever falhas em maquinários e otimizar o uso de energia nos fornos de alta temperatura .
falhas	NOUN	0	18	13	Empresas do setor de fundição estão adotando sistemas de inteligência artificial para prever falhas em maquinários e otimizar o uso de energia nos fornos de alta temperatura .
em	ADP	0	18	14	Empresas do setor de fundição estão adotando sistemas de inteligência artificial para prever falhas em maquinários e otimizar o uso de energia nos fornos de alta temperatura .
maquinários	NOUN	1	18	15	Empresas do setor de fundição estão adotando sistemas de inteligência artificial para prever falhas em maquinários e otimizar o uso de energia nos fornos de alta temperatura .
e	CCONJ	0	18	16	Empresas do setor de fundição estão adotando sistemas de inteligência artificial para prever falhas em maquinários e otimizar o uso de energia nos fornos de alta temperatura .
otimizar	VERB	1	18	17	Empresas do setor de fundição estão adotando sistemas de inteligência artificial para prever falhas em maquinários e otimizar o uso de energia nos fornos de alta temperatura .
o	DET	0	18	18	Empresas do setor de fundição estão adotando sistemas de inteligência artificial para prever falhas em maquinários e otimizar o uso de energia nos fornos de alta temperatura .
uso	NOUN	0	18	19	Empresas do setor de fundição estão adotando sistemas de inteligência artificial para prever falhas em maquinários e otimizar o uso de energia nos fornos de alta temperatura .
de	ADP	0	18	20	Empresas do setor de fundição estão adotando sistemas de inteligência artificial para prever falhas em maquinários e otimizar o uso de energia nos fornos de alta temperatura .
energia	NOUN	0	18	21	Empresas do setor de fundição estão adotando sistemas de inteligência artificial para prever falhas em maquinários e otimizar o uso de energia nos fornos de alta temperatura .
nos	ADP	0	18	22	Empresas do setor de fundição estão adotando sistemas de inteligência artificial para prever falhas em maquinários e otimizar o uso de energia nos fornos de alta temperatura .
fornos	NOUN	1	18	23	Empresas do setor de fundição estão adotando sistemas de inteligência artificial para prever falhas em maquinários e otimizar o uso de energia nos fornos de alta temperatura .
de	ADP	0	18	24	Empresas do setor de fundição estão adotando sistemas de inteligência artificial para prever falhas em maquinários e otimizar o uso de energia nos fornos de alta temperatura .
alta	ADJ	0	18	25	Empresas do setor de fundição estão adotando sistemas de inteligência artificial para prever falhas em maquinários e otimizar o uso de energia nos fornos de alta temperatura .
temperatura	NOUN	0	18	26	Empresas do setor de fundição estão adotando sistemas de inteligência artificial para prever falhas em maquinários e otimizar o uso de energia nos fornos de alta temperatura .
.	PUNCT	0	18	27	Empresas do setor de fundição estão adotando sistemas de inteligência artificial para prever falhas em maquinários e otimizar o uso de energia nos fornos de alta temperatura .
A	DET	0	19	0	A produção de cimento e materiais de construção civil apresentou retração devido à desaceleração de grandes obras de infraestrutura . O setor aguarda o lançamento de novos editais públicos .
produção	NOUN	0	19	1	A produção de cimento e materiais de construção civil apresentou retração devido à desaceleração de grandes obras de infraestrutura . O setor aguarda o lançamento de novos editais públicos .
de	ADP	0	19	2	A produção de cimento e materiais de construção civil apresentou retração devido à desaceleração de grandes obras de infraestrutura . O setor aguarda o lançamento de novos editais públicos .
cimento	NOUN	1	19	3	A produção de cimento e materiais de construção civil apresentou retração devido à desaceleração de grandes obras de infraestrutura . O setor aguarda o lançamento de novos editais públicos .
e	CCONJ	0	19	4	A produção de cimento e materiais de construção civil apresentou retração devido à desaceleração de grandes obras de infraestrutura . O setor aguarda o lançamento de novos editais públicos .
materiais	NOUN	0	19	5	A produção de cimento e materiais de construção civil apresentou retração devido à desaceleração de grandes obras de infraestrutura . O setor aguarda o lançamento de novos editais públicos .
de	ADP	0	19	6	A produção de cimento e materiais de construção civil apresentou retração devido à desaceleração de grandes obras de infraestrutura . O setor aguarda o lançamento de novos editais públicos .
construção	NOUN	0	19	7	A produção de cimento e materiais de construção civil apresentou retração devido à desaceleração de grandes obras de infraestrutura . O setor aguarda o lançamento de novos editais públicos .
civil	ADJ	0	19	8	A produção de cimento e materiais de construção civil apresentou retração devido à desaceleração de grandes obras de infraestrutura . O setor aguarda o lançamento de novos editais públicos .
apresentou	VERB	0	19	9	A produção de cimento e materiais de construção civil apresentou retração devido à desaceleração de grandes obras de infraestrutura . O setor aguarda o lançamento de novos editais públicos .
retração	NOUN	1	19	10	A produção de cimento e materiais de construção civil apresentou retração devido à desaceleração de grandes obras de infraestrutura . O setor aguarda o lançamento de novos editais públicos .
devido	ADV	0	19	11	A produção de cimento e materiais de construção civil apresentou retração devido à desaceleração de grandes obras de infraestrutura . O setor aguarda o lançamento de novos editais públicos .
à	ADP	0	19	12	A produção de cimento e materiais de construção civil apresentou retração devido à desaceleração de grandes obras de infraestrutura . O setor aguarda o lançamento de novos editais públicos .
desaceleração	NOUN	1	19	13	A produção de cimento e materiais de construção civil apresentou retração devido à desaceleração de grandes obras de infraestrutura . O setor aguarda o lançamento de novos editais públicos .
de	ADP	0	19	14	A produção de cimento e materiais de construção civil apresentou retração devido à desaceleração de grandes obras de infraestrutura . O setor aguarda o lançamento de novos editais públicos .
grandes	ADJ	0	19	15	A produção de cimento e materiais de construção civil apresentou retração devido à desaceleração de grandes obras de infraestrutura . O setor aguarda o lançamento de novos editais públicos .
obras	NOUN	0	19	16	A produção de cimento e materiais de construção civil apresentou retração devido à desaceleração de grandes obras de infraestrutura . O setor aguarda o lançamento de novos editais públicos .
de	ADP	0	19	17	A produção de cimento e materiais de construção civil apresentou retração devido à desaceleração de grandes obras de infraestrutura . O setor aguarda o lançamento de novos editais públicos .
infraestrutura	NOUN	0	19	18	A produção de cimento e materiais de construção civil apresentou retração devido à desaceleração de grandes obras de infraestrutura . O setor aguarda o lançamento de novos editais públicos .
.	PUNCT	0	19	19	A produção de cimento e materiais de construção civil apresentou retração devido à desaceleração de grandes obras de infraestrutura . O setor aguarda o lançamento de novos editais públicos .
O	DET	0	19	20	A produção de cimento e materiais de construção civil apresentou retração devido à desaceleração de grandes obras de infraestrutura . O setor aguarda o lançamento de novos editais públicos .
setor	NOUN	0	19	21	A produção de cimento e materiais de construção civil apresentou retração devido à desaceleração de grandes obras de infraestrutura . O setor aguarda o lançamento de novos editais públicos .
aguarda	VERB	0	19	22	A produção de cimento e materiais de construção civil apresentou retração devido à desaceleração de grandes obras de infraestrutura . O setor aguarda o lançamento de novos editais públicos .
o	DET	0	19	23	A produção de cimento e materiais de construção civil apresentou retração devido à desaceleração de grandes obras de infraestrutura . O setor aguarda o lançamento de novos editais públicos .
lançamento	NOUN	0	19	24	A produção de cimento e materiais de construção civil apresentou retração devido à desaceleração de grandes obras de infraestrutura . O setor aguarda o lançamento de novos editais públicos .
de	ADP	0	19	25	A produção de cimento e materiais de construção civil apresentou retração devido à desaceleração de grandes obras de infraestrutura . O setor aguarda o lançamento de novos editais públicos .
novos	ADJ	0	19	26	A produção de cimento e materiais de construção civil apresentou retração devido à desaceleração de grandes obras de infraestrutura . O setor aguarda o lançamento de novos editais públicos .
editais	NOUN	1	19	27	A produção de cimento e materiais de construção civil apresentou retração devido à desaceleração de grandes obras de infraestrutura . O setor aguarda o lançamento de novos editais públicos .
públicos	ADJ	0	19	28	A produção de cimento e materiais de construção civil apresentou retração devido à desaceleração de grandes obras de infraestrutura . O setor aguarda o lançamento de novos editais públicos .
.	PUNCT	0	19	29	A produção de cimento e materiais de construção civil apresentou retração devido à desaceleração de grandes obras de infraestrutura . O setor aguarda o lançamento de novos editais públicos .
A	DET	0	20	0	A indústria farmacêutica nacional expandiu seus laboratórios de biotecnologia para a produção local de insumos farmacêuticos ativos . A iniciativa reduz a dependência de importações da Índia e da China .
indústria	NOUN	0	20	1	A indústria farmacêutica nacional expandiu seus laboratórios de biotecnologia para a produção local de insumos farmacêuticos ativos . A iniciativa reduz a dependência de importações da Índia e da China .
farmacêutica	ADJ	1	20	2	A indústria farmacêutica nacional expandiu seus laboratórios de biotecnologia para a produção local de insumos farmacêuticos ativos . A iniciativa reduz a dependência de importações da Índia e da China .
nacional	ADJ	0	20	3	A indústria farmacêutica nacional expandiu seus laboratórios de biotecnologia para a produção local de insumos farmacêuticos ativos . A iniciativa reduz a dependência de importações da Índia e da China .
expandiu	VERB	0	20	4	A indústria farmacêutica nacional expandiu seus laboratórios de biotecnologia para a produção local de insumos farmacêuticos ativos . A iniciativa reduz a dependência de importações da Índia e da China .
seus	DET	0	20	5	A indústria farmacêutica nacional expandiu seus laboratórios de biotecnologia para a produção local de insumos farmacêuticos ativos . A iniciativa reduz a dependência de importações da Índia e da China .
laboratórios	NOUN	0	20	6	A indústria farmacêutica nacional expandiu seus laboratórios de biotecnologia para a produção local de insumos farmacêuticos ativos . A iniciativa reduz a dependência de importações da Índia e da China .
de	ADP	0	20	7	A indústria farmacêutica nacional expandiu seus laboratórios de biotecnologia para a produção local de insumos farmacêuticos ativos . A iniciativa reduz a dependência de importações da Índia e da China .
biotecnologia	NOUN	1	20	8	A indústria farmacêutica nacional expandiu seus laboratórios de biotecnologia para a produção local de insumos farmacêuticos ativos . A iniciativa reduz a dependência de importações da Índia e da China .
para	ADP	0	20	9	A indústria farmacêutica nacional expandiu seus laboratórios de biotecnologia para a produção local de insumos farmacêuticos ativos . A iniciativa reduz a dependência de importações da Índia e da China .
a	DET	0	20	10	A indústria farmacêutica nacional expandiu seus laboratórios de biotecnologia para a produção local de insumos farmacêuticos ativos . A iniciativa reduz a dependência de importações da Índia e da China .
produção	NOUN	0	20	11	A indústria farmacêutica nacional expandiu seus laboratórios de biotecnologia para a produção local de insumos farmacêuticos ativos . A iniciativa reduz a dependência de importações da Índia e da China .
local	ADJ	0	20	12	A indústria farmacêutica nacional expandiu seus laboratórios de biotecnologia para a produção local de insumos farmacêuticos ativos . A iniciativa reduz a dependência de importações da Índia e da China .
de	ADP	0	20	13	A indústria farmacêutica nacional expandiu seus laboratórios de biotecnologia para a produção local de insumos farmacêuticos ativos . A iniciativa reduz a dependência de importações da Índia e da China .
insumos	NOUN	1	20	14	A indústria farmacêutica nacional expandiu seus laboratórios de biotecnologia para a produção local de insumos farmacêuticos ativos . A iniciativa reduz a dependência de importações da Índia e da China .
farmacêuticos	ADJ	1	20	15	A indústria farmacêutica nacional expandiu seus laboratórios de biotecnologia para a produção local de insumos farmacêuticos ativos . A iniciativa reduz a dependência de importações da Índia e da China .
ativos	NOUN	0	20	16	A indústria farmacêutica nacional expandiu seus laboratórios de biotecnologia para a produção local de insumos farmacêuticos ativos . A iniciativa reduz a dependência de importações da Índia e da China .
.	PUNCT	0	20	17	A indústria farmacêutica nacional expandiu seus laboratórios de biotecnologia para a produção local de insumos farmacêuticos ativos . A iniciativa reduz a dependência de importações da Índia e da China .
A	DET	0	20	18	A indústria farmacêutica nacional expandiu seus laboratórios de biotecnologia para a produção local de insumos farmacêuticos ativos . A iniciativa reduz a dependência de importações da Índia e da China .
iniciativa	NOUN	0	20	19	A indústria farmacêutica nacional expandiu seus laboratórios de biotecnologia para a produção local de insumos farmacêuticos ativos . A iniciativa reduz a dependência de importações da Índia e da China .
reduz	VERB	0	20	20	A indústria farmacêutica nacional expandiu seus laboratórios de biotecnologia para a produção local de insumos farmacêuticos ativos . A iniciativa reduz a dependência de importações da Índia e da China .
a	DET	0	20	21	A indústria farmacêutica nacional expandiu seus laboratórios de biotecnologia para a produção local de insumos farmacêuticos ativos . A iniciativa reduz a dependência de importações da Índia e da China .
dependência	NOUN	0	20	22	A indústria farmacêutica nacional expandiu seus laboratórios de biotecnologia para a produção local de insumos farmacêuticos ativos . A iniciativa reduz a dependência de importações da Índia e da China .
de	ADP	0	20	23	A indústria farmacêutica nacional expandiu seus laboratórios de biotecnologia para a produção local de insumos farmacêuticos ativos . A iniciativa reduz a dependência de importações da Índia e da China .
importações	NOUN	1	20	24	A indústria farmacêutica nacional expandiu seus laboratórios de biotecnologia para a produção local de insumos farmacêuticos ativos . A iniciativa reduz a dependência de importações da Índia e da China .
da	ADP	0	20	25	A indústria farmacêutica nacional expandiu seus laboratórios de biotecnologia para a produção local de insumos farmacêuticos ativos . A iniciativa reduz a dependência de importações da Índia e da China .
Índia	PROPN	0	20	26	A indústria farmacêutica nacional expandiu seus laboratórios de biotecnologia para a produção local de insumos farmacêuticos ativos . A iniciativa reduz a dependência de importações da Índia e da China .
e	CCONJ	0	20	27	A indústria farmacêutica nacional expandiu seus laboratórios de biotecnologia para a produção local de insumos farmacêuticos ativos . A iniciativa reduz a dependência de importações da Índia e da China .
da	ADP	0	20	28	A indústria farmacêutica nacional expandiu seus laboratórios de biotecnologia para a produção local de insumos farmacêuticos ativos . A iniciativa reduz a dependência de importações da Índia e da China .
China	PROPN	0	20	29	A indústria farmacêutica nacional expandiu seus laboratórios de biotecnologia para a produção local de insumos farmacêuticos ativos . A iniciativa reduz a dependência de importações da Índia e da China .
.	PUNCT	0	20	30	A indústria farmacêutica nacional expandiu seus laboratórios de biotecnologia para a produção local de insumos farmacêuticos ativos . A iniciativa reduz a dependência de importações da Índia e da China .
A	DET	0	21	0	A produção metalmecânica apresentou forte recuperação no Sul do país , impulsionada pelas encomendas de estruturas metálicas para usinas de energia eólica e solar .
produção	NOUN	0	21	1	A produção metalmecânica apresentou forte recuperação no Sul do país , impulsionada pelas encomendas de estruturas metálicas para usinas de energia eólica e solar .
metalmecânica	ADJ	1	21	2	A produção metalmecânica apresentou forte recuperação no Sul do país , impulsionada pelas encomendas de estruturas metálicas para usinas de energia eólica e solar .
apresentou	VERB	0	21	3	A produção metalmecânica apresentou forte recuperação no Sul do país , impulsionada pelas encomendas de estruturas metálicas para usinas de energia eólica e solar .
forte	ADJ	0	21	4	A produção metalmecânica apresentou forte recuperação no Sul do país , impulsionada pelas encomendas de estruturas metálicas para usinas de energia eólica e solar .
recuperação	NOUN	0	21	5	A produção metalmecânica apresentou forte recuperação no Sul do país , impulsionada pelas encomendas de estruturas metálicas para usinas de energia eólica e solar .
no	ADP	0	21	6	A produção metalmecânica apresentou forte recuperação no Sul do país , impulsionada pelas encomendas de estruturas metálicas para usinas de energia eólica e solar .
Sul	PROPN	0	21	7	A produção metalmecânica apresentou forte recuperação no Sul do país , impulsionada pelas encomendas de estruturas metálicas para usinas de energia eólica e solar .
do	ADP	0	21	8	A produção metalmecânica apresentou forte recuperação no Sul do país , impulsionada pelas encomendas de estruturas metálicas para usinas de energia eólica e solar .
país	NOUN	0	21	9	A produção metalmecânica apresentou forte recuperação no Sul do país , impulsionada pelas encomendas de estruturas metálicas para usinas de energia eólica e solar .
,	PUNCT	0	21	10	A produção metalmecânica apresentou forte recuperação no Sul do país , impulsionada pelas encomendas de estruturas metálicas para usinas de energia eólica e solar .
impulsionada	VERB	1	21	11	A produção metalmecânica apresentou forte recuperação no Sul do país , impulsionada pelas encomendas de estruturas metálicas para usinas de energia eólica e solar .
pelas	ADP	0	21	12	A produção metalmecânica apresentou forte recuperação no Sul do país , impulsionada pelas encomendas de estruturas metálicas para usinas de energia eólica e solar .
encomendas	NOUN	1	21	13	A produção metalmecânica apresentou forte recuperação no Sul do país , impulsionada pelas encomendas de estruturas metálicas para usinas de energia eólica e solar .
de	ADP	0	21	14	A produção metalmecânica apresentou forte recuperação no Sul do país , impulsionada pelas encomendas de estruturas metálicas para usinas de energia eólica e solar .
estruturas	NOUN	0	21	15	A produção metalmecânica apresentou forte recuperação no Sul do país , impulsionada pelas encomendas de estruturas metálicas para usinas de energia eólica e solar .
metálicas	ADJ	1	21	16	A produção metalmecânica apresentou forte recuperação no Sul do país , impulsionada pelas encomendas de estruturas metálicas para usinas de energia eólica e solar .
para	ADP	0	21	17	A produção metalmecânica apresentou forte recuperação no Sul do país , impulsionada pelas encomendas de estruturas metálicas para usinas de energia eólica e solar .
usinas	NOUN	0	21	18	A produção metalmecânica apresentou forte recuperação no Sul do país , impulsionada pelas encomendas de estruturas metálicas para usinas de energia eólica e solar .
de	ADP	0	21	19	A produção metalmecânica apresentou forte recuperação no Sul do país , impulsionada pelas encomendas de estruturas metálicas para usinas de energia eólica e solar .
energia	NOUN	0	21	20	A produção metalmecânica apresentou forte recuperação no Sul do país , impulsionada pelas encomendas de estruturas metálicas para usinas de energia eólica e solar .
eólica	ADJ	1	21	21	A produção metalmecânica apresentou forte recuperação no Sul do país , impulsionada pelas encomendas de estruturas metálicas para usinas de energia eólica e solar .
e	CCONJ	0	21	22	A produção metalmecânica apresentou forte recuperação no Sul do país , impulsionada pelas encomendas de estruturas metálicas para usinas de energia eólica e solar .
solar	ADJ	0	21	23	A produção metalmecânica apresentou forte recuperação no Sul do país , impulsionada pelas encomendas de estruturas metálicas para usinas de energia eólica e solar .
.	PUNCT	0	21	24	A produção metalmecânica apresentou forte recuperação no Sul do país , impulsionada pelas encomendas de estruturas metálicas para usinas de energia eólica e solar .
Pequenas	ADJ	1	22	0	Pequenas fábricas de móveis estão se unindo em cooperativas regionais para comprar matéria-prima em larga escala . A estratégia visa reduzir custos e manter a competitividade diante das grandes marcas .
fábricas	NOUN	0	22	1	Pequenas fábricas de móveis estão se unindo em cooperativas regionais para comprar matéria-prima em larga escala . A estratégia visa reduzir custos e manter a competitividade diante das grandes marcas .
de	ADP	0	22	2	Pequenas fábricas de móveis estão se unindo em cooperativas regionais para comprar matéria-prima em larga escala . A estratégia visa reduzir custos e manter a competitividade diante das grandes marcas .
móveis	NOUN	0	22	3	Pequenas fábricas de móveis estão se unindo em cooperativas regionais para comprar matéria-prima em larga escala . A estratégia visa reduzir custos e manter a competitividade diante das grandes marcas .
estão	AUX	0	22	4	Pequenas fábricas de móveis estão se unindo em cooperativas regionais para comprar matéria-prima em larga escala . A estratégia visa reduzir custos e manter a competitividade diante das grandes marcas .
se	PRON	0	22	5	Pequenas fábricas de móveis estão se unindo em cooperativas regionais para comprar matéria-prima em larga escala . A estratégia visa reduzir custos e manter a competitividade diante das grandes marcas .
unindo	VERB	1	22	6	Pequenas fábricas de móveis estão se unindo em cooperativas regionais para comprar matéria-prima em larga escala . A estratégia visa reduzir custos e manter a competitividade diante das grandes marcas .
em	ADP	0	22	7	Pequenas fábricas de móveis estão se unindo em cooperativas regionais para comprar matéria-prima em larga escala . A estratégia visa reduzir custos e manter a competitividade diante das grandes marcas .
cooperativas	NOUN	1	22	8	Pequenas fábricas de móveis estão se unindo em cooperativas regionais para comprar matéria-prima em larga escala . A estratégia visa reduzir custos e manter a competitividade diante das grandes marcas .
regionais	ADJ	0	22	9	Pequenas fábricas de móveis estão se unindo em cooperativas regionais para comprar matéria-prima em larga escala . A estratégia visa reduzir custos e manter a competitividade diante das grandes marcas .
para	SCONJ	0	22	10	Pequenas fábricas de móveis estão se unindo em cooperativas regionais para comprar matéria-prima em larga escala . A estratégia visa reduzir custos e manter a competitividade diante das grandes marcas .
comprar	VERB	0	22	11	Pequenas fábricas de móveis estão se unindo em cooperativas regionais para comprar matéria-prima em larga escala . A estratégia visa reduzir custos e manter a competitividade diante das grandes marcas .
matéria-prima	NOUN	1	22	12	Pequenas fábricas de móveis estão se unindo em cooperativas regionais para comprar matéria-prima em larga escala . A estratégia visa reduzir custos e manter a competitividade diante das grandes marcas .
em	ADP	0	22	13	Pequenas fábricas de móveis estão se unindo em cooperativas regionais para comprar matéria-prima em larga escala . A estratégia visa reduzir custos e manter a competitividade diante das grandes marcas .
larga	ADJ	0	22	14	Pequenas fábricas de móveis estão se unindo em cooperativas regionais para comprar matéria-prima em larga escala . A estratégia visa reduzir custos e manter a competitividade diante das grandes marcas .
escala	NOUN	0	22	15	Pequenas fábricas de móveis estão se unindo em cooperativas regionais para comprar matéria-prima em larga escala . A estratégia visa reduzir custos e manter a competitividade diante das grandes marcas .
.	PUNCT	0	22	16	Pequenas fábricas de móveis estão se unindo em cooperativas regionais para comprar matéria-prima em larga escala . A estratégia visa reduzir custos e manter a competitividade diante das grandes marcas .
A	DET	0	22	17	Pequenas fábricas de móveis estão se unindo em cooperativas regionais para comprar matéria-prima em larga escala . A estratégia visa reduzir custos e manter a competitividade diante das grandes marcas .
estratégia	NOUN	0	22	18	Pequenas fábricas de móveis estão se unindo em cooperativas regionais para comprar matéria-prima em larga escala . A estratégia visa reduzir custos e manter a competitividade diante das grandes marcas .
visa	VERB	0	22	19	Pequenas fábricas de móveis estão se unindo em cooperativas regionais para comprar matéria-prima em larga escala . A estratégia visa reduzir custos e manter a competitividade diante das grandes marcas .
reduzir	VERB	0	22	20	Pequenas fábricas de móveis estão se unindo em cooperativas regionais para comprar matéria-prima em larga escala . A estratégia visa reduzir custos e manter a competitividade diante das grandes marcas .
custos	NOUN	0	22	21	Pequenas fábricas de móveis estão se unindo em cooperativas regionais para comprar matéria-prima em larga escala . A estratégia visa reduzir custos e manter a competitividade diante das grandes marcas .
e	CCONJ	0	22	22	Pequenas fábricas de móveis estão se unindo em cooperativas regionais para comprar matéria-prima em larga escala . A estratégia visa reduzir custos e manter a competitividade diante das grandes marcas .
manter	VERB	0	22	23	Pequenas fábricas de móveis estão se unindo em cooperativas regionais para comprar matéria-prima em larga escala . A estratégia visa reduzir custos e manter a competitividade diante das grandes marcas .
a	DET	0	22	24	Pequenas fábricas de móveis estão se unindo em cooperativas regionais para comprar matéria-prima em larga escala . A estratégia visa reduzir custos e manter a competitividade diante das grandes marcas .
competitividade	NOUN	1	22	25	Pequenas fábricas de móveis estão se unindo em cooperativas regionais para comprar matéria-prima em larga escala . A estratégia visa reduzir custos e manter a competitividade diante das grandes marcas .
diante	ADV	0	22	26	Pequenas fábricas de móveis estão se unindo em cooperativas regionais para comprar matéria-prima em larga escala . A estratégia visa reduzir custos e manter a competitividade diante das grandes marcas .
das	DET	0	22	27	Pequenas fábricas de móveis estão se unindo em cooperativas regionais para comprar matéria-prima em larga escala . A estratégia visa reduzir custos e manter a competitividade diante das grandes marcas .
grandes	ADJ	0	22	28	Pequenas fábricas de móveis estão se unindo em cooperativas regionais para comprar matéria-prima em larga escala . A estratégia visa reduzir custos e manter a competitividade diante das grandes marcas .
marcas	NOUN	0	22	29	Pequenas fábricas de móveis estão se unindo em cooperativas regionais para comprar matéria-prima em larga escala . A estratégia visa reduzir custos e manter a competitividade diante das grandes marcas .
.	PUNCT	0	22	30	Pequenas fábricas de móveis estão se unindo em cooperativas regionais para comprar matéria-prima em larga escala . A estratégia visa reduzir custos e manter a competitividade diante das grandes marcas .
O	DET	0	23	0	O polo petroquímico da Bahia recebeu investimentos para modernização de suas instalações de segurança e controle ambiental . O objetivo é alinhar a produção local aos padrões globais de sustentabilidade .
polo	NOUN	0	23	1	O polo petroquímico da Bahia recebeu investimentos para modernização de suas instalações de segurança e controle ambiental . O objetivo é alinhar a produção local aos padrões globais de sustentabilidade .
petroquímico	ADJ	1	23	2	O polo petroquímico da Bahia recebeu investimentos para modernização de suas instalações de segurança e controle ambiental . O objetivo é alinhar a produção local aos padrões globais de sustentabilidade .
da	ADP	0	23	3	O polo petroquímico da Bahia recebeu investimentos para modernização de suas instalações de segurança e controle ambiental . O objetivo é alinhar a produção local aos padrões globais de sustentabilidade .
Bahia	PROPN	0	23	4	O polo petroquímico da Bahia recebeu investimentos para modernização de suas instalações de segurança e controle ambiental . O objetivo é alinhar a produção local aos padrões globais de sustentabilidade .
recebeu	VERB	0	23	5	O polo petroquímico da Bahia recebeu investimentos para modernização de suas instalações de segurança e controle ambiental . O objetivo é alinhar a produção local aos padrões globais de sustentabilidade .
investimentos	NOUN	0	23	6	O polo petroquímico da Bahia recebeu investimentos para modernização de suas instalações de segurança e controle ambiental . O objetivo é alinhar a produção local aos padrões globais de sustentabilidade .
para	ADP	0	23	7	O polo petroquímico da Bahia recebeu investimentos para modernização de suas instalações de segurança e controle ambiental . O objetivo é alinhar a produção local aos padrões globais de sustentabilidade .
modernização	NOUN	0	23	8	O polo petroquímico da Bahia recebeu investimentos para modernização de suas instalações de segurança e controle ambiental . O objetivo é alinhar a produção local aos padrões globais de sustentabilidade .
de	ADP	0	23	9	O polo petroquímico da Bahia recebeu investimentos para modernização de suas instalações de segurança e controle ambiental . O objetivo é alinhar a produção local aos padrões globais de sustentabilidade .
suas	DET	0	23	10	O polo petroquímico da Bahia recebeu investimentos para modernização de suas instalações de segurança e controle ambiental . O objetivo é alinhar a produção local aos padrões globais de sustentabilidade .
instalações	NOUN	0	23	11	O polo petroquímico da Bahia recebeu investimentos para modernização de suas instalações de segurança e controle ambiental . O objetivo é alinhar a produção local aos padrões globais de sustentabilidade .
de	ADP	0	23	12	O polo petroquímico da Bahia recebeu investimentos para modernização de suas instalações de segurança e controle ambiental . O objetivo é alinhar a produção local aos padrões globais de sustentabilidade .
segurança	NOUN	0	23	13	O polo petroquímico da Bahia recebeu investimentos para modernização de suas instalações de segurança e controle ambiental . O objetivo é alinhar a produção local aos padrões globais de sustentabilidade .
e	CCONJ	0	23	14	O polo petroquímico da Bahia recebeu investimentos para modernização de suas instalações de segurança e controle ambiental . O objetivo é alinhar a produção local aos padrões globais de sustentabilidade .
controle	NOUN	0	23	15	O polo petroquímico da Bahia recebeu investimentos para modernização de suas instalações de segurança e controle ambiental . O objetivo é alinhar a produção local aos padrões globais de sustentabilidade .
ambiental	ADJ	0	23	16	O polo petroquímico da Bahia recebeu investimentos para modernização de suas instalações de segurança e controle ambiental . O objetivo é alinhar a produção local aos padrões globais de sustentabilidade .
.	PUNCT	0	23	17	O polo petroquímico da Bahia recebeu investimentos para modernização de suas instalações de segurança e controle ambiental . O objetivo é alinhar a produção local aos padrões globais de sustentabilidade .
O	DET	0	23	18	O polo petroquímico da Bahia recebeu investimentos para modernização de suas instalações de segurança e controle ambiental . O objetivo é alinhar a produção local aos padrões globais de sustentabilidade .
objetivo	NOUN	0	23	19	O polo petroquímico da Bahia recebeu investimentos para modernização de suas instalações de segurança e controle ambiental . O objetivo é alinhar a produção local aos padrões globais de sustentabilidade .
é	AUX	0	23	20	O polo petroquímico da Bahia recebeu investimentos para modernização de suas instalações de segurança e controle ambiental . O objetivo é alinhar a produção local aos padrões globais de sustentabilidade .
alinhar	VERB	1	23	21	O polo petroquímico da Bahia recebeu investimentos para modernização de suas instalações de segurança e controle ambiental . O objetivo é alinhar a produção local aos padrões globais de sustentabilidade .
a	DET	0	23	22	O polo petroquímico da Bahia recebeu investimentos para modernização de suas instalações de segurança e controle ambiental . O objetivo é alinhar a produção local aos padrões globais de sustentabilidade .
produção	NOUN	0	23	23	O polo petroquímico da Bahia recebeu investimentos para modernização de suas instalações de segurança e controle ambiental . O objetivo é alinhar a produção local aos padrões globais de sustentabilidade .
local	ADJ	0	23	24	O polo petroquímico da Bahia recebeu investimentos para modernização de suas instalações de segurança e controle ambiental . O objetivo é alinhar a produção local aos padrões globais de sustentabilidade .
aos	ADP	0	23	25	O polo petroquímico da Bahia recebeu investimentos para modernização de suas instalações de segurança e controle ambiental . O objetivo é alinhar a produção local aos padrões globais de sustentabilidade .
padrões	NOUN	0	23	26	O polo petroquímico da Bahia recebeu investimentos para modernização de suas instalações de segurança e controle ambiental . O objetivo é alinhar a produção local aos padrões globais de sustentabilidade .
globais	ADJ	0	23	27	O polo petroquímico da Bahia recebeu investimentos para modernização de suas instalações de segurança e controle ambiental . O objetivo é alinhar a produção local aos padrões globais de sustentabilidade .
de	ADP	0	23	28	O polo petroquímico da Bahia recebeu investimentos para modernização de suas instalações de segurança e controle ambiental . O objetivo é alinhar a produção local aos padrões globais de sustentabilidade .
sustentabilidade	NOUN	1	23	29	O polo petroquímico da Bahia recebeu investimentos para modernização de suas instalações de segurança e controle ambiental . O objetivo é alinhar a produção local aos padrões globais de sustentabilidade .
.	PUNCT	0	23	30	O polo petroquímico da Bahia recebeu investimentos para modernização de suas instalações de segurança e controle ambiental . O objetivo é alinhar a produção local aos padrões globais de sustentabilidade .
A	DET	0	24	0	A indústria aeroespacial brasileira firmou um contrato de fornecimento de aeroestruturas para jatos comerciais executivos na Europa . O acordo consolida a engenharia nacional no cenário global .
indústria	NOUN	0	24	1	A indústria aeroespacial brasileira firmou um contrato de fornecimento de aeroestruturas para jatos comerciais executivos na Europa . O acordo consolida a engenharia nacional no cenário global .
aeroespacial	ADJ	1	24	2	A indústria aeroespacial brasileira firmou um contrato de fornecimento de aeroestruturas para jatos comerciais executivos na Europa . O acordo consolida a engenharia nacional no cenário global .
brasileira	ADJ	0	24	3	A indústria aeroespacial brasileira firmou um contrato de fornecimento de aeroestruturas para jatos comerciais executivos na Europa . O acordo consolida a engenharia nacional no cenário global .
firmou	VERB	1	24	4	A indústria aeroespacial brasileira firmou um contrato de fornecimento de aeroestruturas para jatos comerciais executivos na Europa . O acordo consolida a engenharia nacional no cenário global .
um	DET	0	24	5	A indústria aeroespacial brasileira firmou um contrato de fornecimento de aeroestruturas para jatos comerciais executivos na Europa . O acordo consolida a engenharia nacional no cenário global .
contrato	NOUN	0	24	6	A indústria aeroespacial brasileira firmou um contrato de fornecimento de aeroestruturas para jatos comerciais executivos na Europa . O acordo consolida a engenharia nacional no cenário global .
de	ADP	0	24	7	A indústria aeroespacial brasileira firmou um contrato de fornecimento de aeroestruturas para jatos comerciais executivos na Europa . O acordo consolida a engenharia nacional no cenário global .
fornecimento	NOUN	0	24	8	A indústria aeroespacial brasileira firmou um contrato de fornecimento de aeroestruturas para jatos comerciais executivos na Europa . O acordo consolida a engenharia nacional no cenário global .
de	ADP	0	24	9	A indústria aeroespacial brasileira firmou um contrato de fornecimento de aeroestruturas para jatos comerciais executivos na Europa . O acordo consolida a engenharia nacional no cenário global .
aeroestruturas	NOUN	1	24	10	A indústria aeroespacial brasileira firmou um contrato de fornecimento de aeroestruturas para jatos comerciais executivos na Europa . O acordo consolida a engenharia nacional no cenário global .
para	ADP	0	24	11	A indústria aeroespacial brasileira firmou um contrato de fornecimento de aeroestruturas para jatos comerciais executivos na Europa . O acordo consolida a engenharia nacional no cenário global .
jatos	NOUN	1	24	12	A indústria aeroespacial brasileira firmou um contrato de fornecimento de aeroestruturas para jatos comerciais executivos na Europa . O acordo consolida a engenharia nacional no cenário global .
comerciais	ADJ	0	24	13	A indústria aeroespacial brasileira firmou um contrato de fornecimento de aeroestruturas para jatos comerciais executivos na Europa . O acordo consolida a engenharia nacional no cenário global .
executivos	NOUN	0	24	14	A indústria aeroespacial brasileira firmou um contrato de fornecimento de aeroestruturas para jatos comerciais executivos na Europa . O acordo consolida a engenharia nacional no cenário global .
na	ADP	0	24	15	A indústria aeroespacial brasileira firmou um contrato de fornecimento de aeroestruturas para jatos comerciais executivos na Europa . O acordo consolida a engenharia nacional no cenário global .
Europa	PROPN	0	24	16	A indústria aeroespacial brasileira firmou um contrato de fornecimento de aeroestruturas para jatos comerciais executivos na Europa . O acordo consolida a engenharia nacional no cenário global .
.	PUNCT	0	24	17	A indústria aeroespacial brasileira firmou um contrato de fornecimento de aeroestruturas para jatos comerciais executivos na Europa . O acordo consolida a engenharia nacional no cenário global .
O	DET	0	24	18	A indústria aeroespacial brasileira firmou um contrato de fornecimento de aeroestruturas para jatos comerciais executivos na Europa . O acordo consolida a engenharia nacional no cenário global .
acordo	NOUN	0	24	19	A indústria aeroespacial brasileira firmou um contrato de fornecimento de aeroestruturas para jatos comerciais executivos na Europa . O acordo consolida a engenharia nacional no cenário global .
consolida	VERB	1	24	20	A indústria aeroespacial brasileira firmou um contrato de fornecimento de aeroestruturas para jatos comerciais executivos na Europa . O acordo consolida a engenharia nacional no cenário global .
a	DET	0	24	21	A indústria aeroespacial brasileira firmou um contrato de fornecimento de aeroestruturas para jatos comerciais executivos na Europa . O acordo consolida a engenharia nacional no cenário global .
engenharia	NOUN	0	24	22	A indústria aeroespacial brasileira firmou um contrato de fornecimento de aeroestruturas para jatos comerciais executivos na Europa . O acordo consolida a engenharia nacional no cenário global .
nacional	ADJ	0	24	23	A indústria aeroespacial brasileira firmou um contrato de fornecimento de aeroestruturas para jatos comerciais executivos na Europa . O acordo consolida a engenharia nacional no cenário global .
no	ADP	0	24	24	A indústria aeroespacial brasileira firmou um contrato de fornecimento de aeroestruturas para jatos comerciais executivos na Europa . O acordo consolida a engenharia nacional no cenário global .
cenário	NOUN	0	24	25	A indústria aeroespacial brasileira firmou um contrato de fornecimento de aeroestruturas para jatos comerciais executivos na Europa . O acordo consolida a engenharia nacional no cenário global .
global	ADJ	0	24	26	A indústria aeroespacial brasileira firmou um contrato de fornecimento de aeroestruturas para jatos comerciais executivos na Europa . O acordo consolida a engenharia nacional no cenário global .
.	PUNCT	0	24	27	A indústria aeroespacial brasileira firmou um contrato de fornecimento de aeroestruturas para jatos comerciais executivos na Europa . O acordo consolida a engenharia nacional no cenário global .
Fábricas	PROPN	1	25	0	Fábricas de embalagens plásticas estão acelerando a transição para polímeros biodegradáveis devido às novas exigências do mercado e regulamentações ambientais mais rígidas .
de	ADP	0	25	1	Fábricas de embalagens plásticas estão acelerando a transição para polímeros biodegradáveis devido às novas exigências do mercado e regulamentações ambientais mais rígidas .
embalagens	NOUN	1	25	2	Fábricas de embalagens plásticas estão acelerando a transição para polímeros biodegradáveis devido às novas exigências do mercado e regulamentações ambientais mais rígidas .
plásticas	ADJ	1	25	3	Fábricas de embalagens plásticas estão acelerando a transição para polímeros biodegradáveis devido às novas exigências do mercado e regulamentações ambientais mais rígidas .
estão	AUX	0	25	4	Fábricas de embalagens plásticas estão acelerando a transição para polímeros biodegradáveis devido às novas exigências do mercado e regulamentações ambientais mais rígidas .
acelerando	VERB	1	25	5	Fábricas de embalagens plásticas estão acelerando a transição para polímeros biodegradáveis devido às novas exigências do mercado e regulamentações ambientais mais rígidas .
a	DET	0	25	6	Fábricas de embalagens plásticas estão acelerando a transição para polímeros biodegradáveis devido às novas exigências do mercado e regulamentações ambientais mais rígidas .
transição	NOUN	0	25	7	Fábricas de embalagens plásticas estão acelerando a transição para polímeros biodegradáveis devido às novas exigências do mercado e regulamentações ambientais mais rígidas .
para	ADP	0	25	8	Fábricas de embalagens plásticas estão acelerando a transição para polímeros biodegradáveis devido às novas exigências do mercado e regulamentações ambientais mais rígidas .
polímeros	NOUN	1	25	9	Fábricas de embalagens plásticas estão acelerando a transição para polímeros biodegradáveis devido às novas exigências do mercado e regulamentações ambientais mais rígidas .
biodegradáveis	ADJ	1	25	10	Fábricas de embalagens plásticas estão acelerando a transição para polímeros biodegradáveis devido às novas exigências do mercado e regulamentações ambientais mais rígidas .
devido	ADV	0	25	11	Fábricas de embalagens plásticas estão acelerando a transição para polímeros biodegradáveis devido às novas exigências do mercado e regulamentações ambientais mais rígidas .
às	ADP	0	25	12	Fábricas de embalagens plásticas estão acelerando a transição para polímeros biodegradáveis devido às novas exigências do mercado e regulamentações ambientais mais rígidas .
novas	ADJ	0	25	13	Fábricas de embalagens plásticas estão acelerando a transição para polímeros biodegradáveis devido às novas exigências do mercado e regulamentações ambientais mais rígidas .
exigências	NOUN	0	25	14	Fábricas de embalagens plásticas estão acelerando a transição para polímeros biodegradáveis devido às novas exigências do mercado e regulamentações ambientais mais rígidas .
do	ADP	0	25	15	Fábricas de embalagens plásticas estão acelerando a transição para polímeros biodegradáveis devido às novas exigências do mercado e regulamentações ambientais mais rígidas .
mercado	NOUN	0	25	16	Fábricas de embalagens plásticas estão acelerando a transição para polímeros biodegradáveis devido às novas exigências do mercado e regulamentações ambientais mais rígidas .
e	CCONJ	0	25	17	Fábricas de embalagens plásticas estão acelerando a transição para polímeros biodegradáveis devido às novas exigências do mercado e regulamentações ambientais mais rígidas .
regulamentações	NOUN	1	25	18	Fábricas de embalagens plásticas estão acelerando a transição para polímeros biodegradáveis devido às novas exigências do mercado e regulamentações ambientais mais rígidas .
ambientais	ADJ	0	25	19	Fábricas de embalagens plásticas estão acelerando a transição para polímeros biodegradáveis devido às novas exigências do mercado e regulamentações ambientais mais rígidas .
mais	ADV	0	25	20	Fábricas de embalagens plásticas estão acelerando a transição para polímeros biodegradáveis devido às novas exigências do mercado e regulamentações ambientais mais rígidas .
rígidas	ADJ	1	25	21	Fábricas de embalagens plásticas estão acelerando a transição para polímeros biodegradáveis devido às novas exigências do mercado e regulamentações ambientais mais rígidas .
.	PUNCT	0	25	22	Fábricas de embalagens plásticas estão acelerando a transição para polímeros biodegradáveis devido às novas exigências do mercado e regulamentações ambientais mais rígidas .
O	DET	0	26	0	O índice de confiança do empresário industrial atingiu o maior patamar dos últimos meses . A estabilização da inflação e a queda nos juros foram determinantes para a melhora do humor do setor .
índice	NOUN	0	26	1	O índice de confiança do empresário industrial atingiu o maior patamar dos últimos meses . A estabilização da inflação e a queda nos juros foram determinantes para a melhora do humor do setor .
de	ADP	0	26	2	O índice de confiança do empresário industrial atingiu o maior patamar dos últimos meses . A estabilização da inflação e a queda nos juros foram determinantes para a melhora do humor do setor .
confiança	NOUN	0	26	3	O índice de confiança do empresário industrial atingiu o maior patamar dos últimos meses . A estabilização da inflação e a queda nos juros foram determinantes para a melhora do humor do setor .
do	ADP	0	26	4	O índice de confiança do empresário industrial atingiu o maior patamar dos últimos meses . A estabilização da inflação e a queda nos juros foram determinantes para a melhora do humor do setor .
empresário	NOUN	0	26	5	O índice de confiança do empresário industrial atingiu o maior patamar dos últimos meses . A estabilização da inflação e a queda nos juros foram determinantes para a melhora do humor do setor .
industrial	ADJ	0	26	6	O índice de confiança do empresário industrial atingiu o maior patamar dos últimos meses . A estabilização da inflação e a queda nos juros foram determinantes para a melhora do humor do setor .
atingiu	VERB	0	26	7	O índice de confiança do empresário industrial atingiu o maior patamar dos últimos meses . A estabilização da inflação e a queda nos juros foram determinantes para a melhora do humor do setor .
o	DET	0	26	8	O índice de confiança do empresário industrial atingiu o maior patamar dos últimos meses . A estabilização da inflação e a queda nos juros foram determinantes para a melhora do humor do setor .
maior	ADJ	0	26	9	O índice de confiança do empresário industrial atingiu o maior patamar dos últimos meses . A estabilização da inflação e a queda nos juros foram determinantes para a melhora do humor do setor .
patamar	NOUN	1	26	10	O índice de confiança do empresário industrial atingiu o maior patamar dos últimos meses . A estabilização da inflação e a queda nos juros foram determinantes para a melhora do humor do setor .
dos	ADP	0	26	11	O índice de confiança do empresário industrial atingiu o maior patamar dos últimos meses . A estabilização da inflação e a queda nos juros foram determinantes para a melhora do humor do setor .
últimos	ADJ	0	26	12	O índice de confiança do empresário industrial atingiu o maior patamar dos últimos meses . A estabilização da inflação e a queda nos juros foram determinantes para a melhora do humor do setor .
meses	NOUN	0	26	13	O índice de confiança do empresário industrial atingiu o maior patamar dos últimos meses . A estabilização da inflação e a queda nos juros foram determinantes para a melhora do humor do setor .
.	PUNCT	0	26	14	O índice de confiança do empresário industrial atingiu o maior patamar dos últimos meses . A estabilização da inflação e a queda nos juros foram determinantes para a melhora do humor do setor .
A	DET	0	26	15	O índice de confiança do empresário industrial atingiu o maior patamar dos últimos meses . A estabilização da inflação e a queda nos juros foram determinantes para a melhora do humor do setor .
estabilização	NOUN	1	26	16	O índice de confiança do empresário industrial atingiu o maior patamar dos últimos meses . A estabilização da inflação e a queda nos juros foram determinantes para a melhora do humor do setor .
da	ADP	0	26	17	O índice de confiança do empresário industrial atingiu o maior patamar dos últimos meses . A estabilização da inflação e a queda nos juros foram determinantes para a melhora do humor do setor .
inflação	NOUN	0	26	18	O índice de confiança do empresário industrial atingiu o maior patamar dos últimos meses . A estabilização da inflação e a queda nos juros foram determinantes para a melhora do humor do setor .
e	CCONJ	0	26	19	O índice de confiança do empresário industrial atingiu o maior patamar dos últimos meses . A estabilização da inflação e a queda nos juros foram determinantes para a melhora do humor do setor .
a	DET	0	26	20	O índice de confiança do empresário industrial atingiu o maior patamar dos últimos meses . A estabilização da inflação e a queda nos juros foram determinantes para a melhora do humor do setor .
queda	NOUN	0	26	21	O índice de confiança do empresário industrial atingiu o maior patamar dos últimos meses . A estabilização da inflação e a queda nos juros foram determinantes para a melhora do humor do setor .
nos	ADP	0	26	22	O índice de confiança do empresário industrial atingiu o maior patamar dos últimos meses . A estabilização da inflação e a queda nos juros foram determinantes para a melhora do humor do setor .
juros	NOUN	0	26	23	O índice de confiança do empresário industrial atingiu o maior patamar dos últimos meses . A estabilização da inflação e a queda nos juros foram determinantes para a melhora do humor do setor .
foram	AUX	0	26	24	O índice de confiança do empresário industrial atingiu o maior patamar dos últimos meses . A estabilização da inflação e a queda nos juros foram determinantes para a melhora do humor do setor .
determinantes	ADJ	1	26	25	O índice de confiança do empresário industrial atingiu o maior patamar dos últimos meses . A estabilização da inflação e a queda nos juros foram determinantes para a melhora do humor do setor .
para	ADP	0	26	26	O índice de confiança do empresário industrial atingiu o maior patamar dos últimos meses . A estabilização da inflação e a queda nos juros foram determinantes para a melhora do humor do setor .
a	DET	0	26	27	O índice de confiança do empresário industrial atingiu o maior patamar dos últimos meses . A estabilização da inflação e a queda nos juros foram determinantes para a melhora do humor do setor .
melhora	NOUN	0	26	28	O índice de confiança do empresário industrial atingiu o maior patamar dos últimos meses . A estabilização da inflação e a queda nos juros foram determinantes para a melhora do humor do setor .
do	ADP	0	26	29	O índice de confiança do empresário industrial atingiu o maior patamar dos últimos meses . A estabilização da inflação e a queda nos juros foram determinantes para a melhora do humor do setor .
humor	NOUN	0	26	30	O índice de confiança do empresário industrial atingiu o maior patamar dos últimos meses . A estabilização da inflação e a queda nos juros foram determinantes para a melhora do humor do setor .
do	ADP	0	26	31	O índice de confiança do empresário industrial atingiu o maior patamar dos últimos meses . A estabilização da inflação e a queda nos juros foram determinantes para a melhora do humor do setor .
setor	NOUN	0	26	32	O índice de confiança do empresário industrial atingiu o maior patamar dos últimos meses . A estabilização da inflação e a queda nos juros foram determinantes para a melhora do humor do setor .
.	PUNCT	0	26	33	O índice de confiança do empresário industrial atingiu o maior patamar dos últimos meses . A estabilização da inflação e a queda nos juros foram determinantes para a melhora do humor do setor .
A	DET	0	27	0	A produção de pneus e borrachas registrou estabilidade no balanço anual . A cadeia de suprimentos enfrentou desafios logísticos no transporte marítimo de insumos fundamentais .
produção	NOUN	0	27	1	A produção de pneus e borrachas registrou estabilidade no balanço anual . A cadeia de suprimentos enfrentou desafios logísticos no transporte marítimo de insumos fundamentais .
de	ADP	0	27	2	A produção de pneus e borrachas registrou estabilidade no balanço anual . A cadeia de suprimentos enfrentou desafios logísticos no transporte marítimo de insumos fundamentais .
pneus	NOUN	0	27	3	A produção de pneus e borrachas registrou estabilidade no balanço anual . A cadeia de suprimentos enfrentou desafios logísticos no transporte marítimo de insumos fundamentais .
e	CCONJ	0	27	4	A produção de pneus e borrachas registrou estabilidade no balanço anual . A cadeia de suprimentos enfrentou desafios logísticos no transporte marítimo de insumos fundamentais .
borrachas	NOUN	1	27	5	A produção de pneus e borrachas registrou estabilidade no balanço anual . A cadeia de suprimentos enfrentou desafios logísticos no transporte marítimo de insumos fundamentais .
registrou	VERB	0	27	6	A produção de pneus e borrachas registrou estabilidade no balanço anual . A cadeia de suprimentos enfrentou desafios logísticos no transporte marítimo de insumos fundamentais .
estabilidade	NOUN	0	27	7	A produção de pneus e borrachas registrou estabilidade no balanço anual . A cadeia de suprimentos enfrentou desafios logísticos no transporte marítimo de insumos fundamentais .
no	ADP	0	27	8	A produção de pneus e borrachas registrou estabilidade no balanço anual . A cadeia de suprimentos enfrentou desafios logísticos no transporte marítimo de insumos fundamentais .
balanço	NOUN	1	27	9	A produção de pneus e borrachas registrou estabilidade no balanço anual . A cadeia de suprimentos enfrentou desafios logísticos no transporte marítimo de insumos fundamentais .
anual	ADJ	0	27	10	A produção de pneus e borrachas registrou estabilidade no balanço anual . A cadeia de suprimentos enfrentou desafios logísticos no transporte marítimo de insumos fundamentais .
.	PUNCT	0	27	11	A produção de pneus e borrachas registrou estabilidade no balanço anual . A cadeia de suprimentos enfrentou desafios logísticos no transporte marítimo de insumos fundamentais .
A	DET	0	27	12	A produção de pneus e borrachas registrou estabilidade no balanço anual . A cadeia de suprimentos enfrentou desafios logísticos no transporte marítimo de insumos fundamentais .
cadeia	NOUN	0	27	13	A produção de pneus e borrachas registrou estabilidade no balanço anual . A cadeia de suprimentos enfrentou desafios logísticos no transporte marítimo de insumos fundamentais .
de	ADP	0	27	14	A produção de pneus e borrachas registrou estabilidade no balanço anual . A cadeia de suprimentos enfrentou desafios logísticos no transporte marítimo de insumos fundamentais .
suprimentos	NOUN	0	27	15	A produção de pneus e borrachas registrou estabilidade no balanço anual . A cadeia de suprimentos enfrentou desafios logísticos no transporte marítimo de insumos fundamentais .
enfrentou	VERB	0	27	16	A produção de pneus e borrachas registrou estabilidade no balanço anual . A cadeia de suprimentos enfrentou desafios logísticos no transporte marítimo de insumos fundamentais .
desafios	NOUN	0	27	17	A produção de pneus e borrachas registrou estabilidade no balanço anual . A cadeia de suprimentos enfrentou desafios logísticos no transporte marítimo de insumos fundamentais .
logísticos	ADJ	1	27	18	A produção de pneus e borrachas registrou estabilidade no balanço anual . A cadeia de suprimentos enfrentou desafios logísticos no transporte marítimo de insumos fundamentais .
no	ADP	0	27	19	A produção de pneus e borrachas registrou estabilidade no balanço anual . A cadeia de suprimentos enfrentou desafios logísticos no transporte marítimo de insumos fundamentais .
transporte	NOUN	0	27	20	A produção de pneus e borrachas registrou estabilidade no balanço anual . A cadeia de suprimentos enfrentou desafios logísticos no transporte marítimo de insumos fundamentais .
marítimo	ADJ	0	27	21	A produção de pneus e borrachas registrou estabilidade no balanço anual . A cadeia de suprimentos enfrentou desafios logísticos no transporte marítimo de insumos fundamentais .
de	ADP	0	27	22	A produção de pneus e borrachas registrou estabilidade no balanço anual . A cadeia de suprimentos enfrentou desafios logísticos no transporte marítimo de insumos fundamentais .
insumos	NOUN	1	27	23	A produção de pneus e borrachas registrou estabilidade no balanço anual . A cadeia de suprimentos enfrentou desafios logísticos no transporte marítimo de insumos fundamentais .
fundamentais	ADJ	0	27	24	A produção de pneus e borrachas registrou estabilidade no balanço anual . A cadeia de suprimentos enfrentou desafios logísticos no transporte marítimo de insumos fundamentais .
.	PUNCT	0	27	25	A produção de pneus e borrachas registrou estabilidade no balanço anual . A cadeia de suprimentos enfrentou desafios logísticos no transporte marítimo de insumos fundamentais .
Uma	DET	0	28	0	Uma nova fundição de alumínio focada na reciclagem de materiais descartados começou a operar em Minas Gerais . O projeto atende à crescente demanda por alumínio verde na indústria automobilística .
nova	ADJ	0	28	1	Uma nova fundição de alumínio focada na reciclagem de materiais descartados começou a operar em Minas Gerais . O projeto atende à crescente demanda por alumínio verde na indústria automobilística .
fundição	NOUN	1	28	2	Uma nova fundição de alumínio focada na reciclagem de materiais descartados começou a operar em Minas Gerais . O projeto atende à crescente demanda por alumínio verde na indústria automobilística .
de	ADP	0	28	3	Uma nova fundição de alumínio focada na reciclagem de materiais descartados começou a operar em Minas Gerais . O projeto atende à crescente demanda por alumínio verde na indústria automobilística .
alumínio	NOUN	0	28	4	Uma nova fundição de alumínio focada na reciclagem de materiais descartados começou a operar em Minas Gerais . O projeto atende à crescente demanda por alumínio verde na indústria automobilística .
focada	VERB	1	28	5	Uma nova fundição de alumínio focada na reciclagem de materiais descartados começou a operar em Minas Gerais . O projeto atende à crescente demanda por alumínio verde na indústria automobilística .
na	ADP	0	28	6	Uma nova fundição de alumínio focada na reciclagem de materiais descartados começou a operar em Minas Gerais . O projeto atende à crescente demanda por alumínio verde na indústria automobilística .
reciclagem	NOUN	1	28	7	Uma nova fundição de alumínio focada na reciclagem de materiais descartados começou a operar em Minas Gerais . O projeto atende à crescente demanda por alumínio verde na indústria automobilística .
de	ADP	0	28	8	Uma nova fundição de alumínio focada na reciclagem de materiais descartados começou a operar em Minas Gerais . O projeto atende à crescente demanda por alumínio verde na indústria automobilística .
materiais	NOUN	0	28	9	Uma nova fundição de alumínio focada na reciclagem de materiais descartados começou a operar em Minas Gerais . O projeto atende à crescente demanda por alumínio verde na indústria automobilística .
descartados	VERB	1	28	10	Uma nova fundição de alumínio focada na reciclagem de materiais descartados começou a operar em Minas Gerais . O projeto atende à crescente demanda por alumínio verde na indústria automobilística .
começou	VERB	0	28	11	Uma nova fundição de alumínio focada na reciclagem de materiais descartados começou a operar em Minas Gerais . O projeto atende à crescente demanda por alumínio verde na indústria automobilística .
a	SCONJ	0	28	12	Uma nova fundição de alumínio focada na reciclagem de materiais descartados começou a operar em Minas Gerais . O projeto atende à crescente demanda por alumínio verde na indústria automobilística .
operar	VERB	0	28	13	Uma nova fundição de alumínio focada na reciclagem de materiais descartados começou a operar em Minas Gerais . O projeto atende à crescente demanda por alumínio verde na indústria automobilística .
em	ADP	0	28	14	Uma nova fundição de alumínio focada na reciclagem de materiais descartados começou a operar em Minas Gerais . O projeto atende à crescente demanda por alumínio verde na indústria automobilística .
Minas	PROPN	0	28	15	Uma nova fundição de alumínio focada na reciclagem de materiais descartados começou a operar em Minas Gerais . O projeto atende à crescente demanda por alumínio verde na indústria automobilística .
Gerais	PROPN	0	28	16	Uma nova fundição de alumínio focada na reciclagem de materiais descartados começou a operar em Minas Gerais . O projeto atende à crescente demanda por alumínio verde na indústria automobilística .
.	PUNCT	0	28	17	Uma nova fundição de alumínio focada na reciclagem de materiais descartados começou a operar em Minas Gerais . O projeto atende à crescente demanda por alumínio verde na indústria automobilística .
O	DET	0	28	18	Uma nova fundição de alumínio focada na reciclagem de materiais descartados começou a operar em Minas Gerais . O projeto atende à crescente demanda por alumínio verde na indústria automobilística .
projeto	NOUN	0	28	19	Uma nova fundição de alumínio focada na reciclagem de materiais descartados começou a operar em Minas Gerais . O projeto atende à crescente demanda por alumínio verde na indústria automobilística .
atende	VERB	0	28	20	Uma nova fundição de alumínio focada na reciclagem de materiais descartados começou a operar em Minas Gerais . O projeto atende à crescente demanda por alumínio verde na indústria automobilística .
à	ADP	0	28	21	Uma nova fundição de alumínio focada na reciclagem de materiais descartados começou a operar em Minas Gerais . O projeto atende à crescente demanda por alumínio verde na indústria automobilística .
crescente	ADJ	0	28	22	Uma nova fundição de alumínio focada na reciclagem de materiais descartados começou a operar em Minas Gerais . O projeto atende à crescente demanda por alumínio verde na indústria automobilística .
demanda	NOUN	0	28	23	Uma nova fundição de alumínio focada na reciclagem de materiais descartados começou a operar em Minas Gerais . O projeto atende à crescente demanda por alumínio verde na indústria automobilística .
por	ADP	0	28	24	Uma nova fundição de alumínio focada na reciclagem de materiais descartados começou a operar em Minas Gerais . O projeto atende à crescente demanda por alumínio verde na indústria automobilística .
alumínio	NOUN	0	28	25	Uma nova fundição de alumínio focada na reciclagem de materiais descartados começou a operar em Minas Gerais . O projeto atende à crescente demanda por alumínio verde na indústria automobilística .
verde	ADJ	0	28	26	Uma nova fundição de alumínio focada na reciclagem de materiais descartados começou a operar em Minas Gerais . O projeto atende à crescente demanda por alumínio verde na indústria automobilística .
na	ADP	0	28	27	Uma nova fundição de alumínio focada na reciclagem de materiais descartados começou a operar em Minas Gerais . O projeto atende à crescente demanda por alumínio verde na indústria automobilística .
indústria	NOUN	0	28	28	Uma nova fundição de alumínio focada na reciclagem de materiais descartados começou a operar em Minas Gerais . O projeto atende à crescente demanda por alumínio verde na indústria automobilística .
automobilística	ADJ	1	28	29	Uma nova fundição de alumínio focada na reciclagem de materiais descartados começou a operar em Minas Gerais . O projeto atende à crescente demanda por alumínio verde na indústria automobilística .
.	PUNCT	0	28	30	Uma nova fundição de alumínio focada na reciclagem de materiais descartados começou a operar em Minas Gerais . O projeto atende à crescente demanda por alumínio verde na indústria automobilística .
O	DET	0	29	0	O setor industrial de tintas e vernizes renovou suas linhas de produtos com foco em soluções imobiliárias de secagem rápida . A inovação tecnológica permitiu ampliar a margem de lucro das empresas .
setor	NOUN	0	29	1	O setor industrial de tintas e vernizes renovou suas linhas de produtos com foco em soluções imobiliárias de secagem rápida . A inovação tecnológica permitiu ampliar a margem de lucro das empresas .
industrial	ADJ	0	29	2	O setor industrial de tintas e vernizes renovou suas linhas de produtos com foco em soluções imobiliárias de secagem rápida . A inovação tecnológica permitiu ampliar a margem de lucro das empresas .
de	ADP	0	29	3	O setor industrial de tintas e vernizes renovou suas linhas de produtos com foco em soluções imobiliárias de secagem rápida . A inovação tecnológica permitiu ampliar a margem de lucro das empresas .
tintas	NOUN	1	29	4	O setor industrial de tintas e vernizes renovou suas linhas de produtos com foco em soluções imobiliárias de secagem rápida . A inovação tecnológica permitiu ampliar a margem de lucro das empresas .
e	CCONJ	0	29	5	O setor industrial de tintas e vernizes renovou suas linhas de produtos com foco em soluções imobiliárias de secagem rápida . A inovação tecnológica permitiu ampliar a margem de lucro das empresas .
vernizes	NOUN	1	29	6	O setor industrial de tintas e vernizes renovou suas linhas de produtos com foco em soluções imobiliárias de secagem rápida . A inovação tecnológica permitiu ampliar a margem de lucro das empresas .
renovou	VERB	0	29	7	O setor industrial de tintas e vernizes renovou suas linhas de produtos com foco em soluções imobiliárias de secagem rápida . A inovação tecnológica permitiu ampliar a margem de lucro das empresas .
suas	DET	0	29	8	O setor industrial de tintas e vernizes renovou suas linhas de produtos com foco em soluções imobiliárias de secagem rápida . A inovação tecnológica permitiu ampliar a margem de lucro das empresas .
linhas	NOUN	0	29	9	O setor industrial de tintas e vernizes renovou suas linhas de produtos com foco em soluções imobiliárias de secagem rápida . A inovação tecnológica permitiu ampliar a margem de lucro das empresas .
de	ADP	0	29	10	O setor industrial de tintas e vernizes renovou suas linhas de produtos com foco em soluções imobiliárias de secagem rápida . A inovação tecnológica permitiu ampliar a margem de lucro das empresas .
produtos	NOUN	0	29	11	O setor industrial de tintas e vernizes renovou suas linhas de produtos com foco em soluções imobiliárias de secagem rápida . A inovação tecnológica permitiu ampliar a margem de lucro das empresas .
com	ADP	0	29	12	O setor industrial de tintas e vernizes renovou suas linhas de produtos com foco em soluções imobiliárias de secagem rápida . A inovação tecnológica permitiu ampliar a margem de lucro das empresas .
foco	NOUN	0	29	13	O setor industrial de tintas e vernizes renovou suas linhas de produtos com foco em soluções imobiliárias de secagem rápida . A inovação tecnológica permitiu ampliar a margem de lucro das empresas .
em	ADP	0	29	14	O setor industrial de tintas e vernizes renovou suas linhas de produtos com foco em soluções imobiliárias de secagem rápida . A inovação tecnológica permitiu ampliar a margem de lucro das empresas .
soluções	NOUN	0	29	15	O setor industrial de tintas e vernizes renovou suas linhas de produtos com foco em soluções imobiliárias de secagem rápida . A inovação tecnológica permitiu ampliar a margem de lucro das empresas .
imobiliárias	ADJ	1	29	16	O setor industrial de tintas e vernizes renovou suas linhas de produtos com foco em soluções imobiliárias de secagem rápida . A inovação tecnológica permitiu ampliar a margem de lucro das empresas .
de	ADP	0	29	17	O setor industrial de tintas e vernizes renovou suas linhas de produtos com foco em soluções imobiliárias de secagem rápida . A inovação tecnológica permitiu ampliar a margem de lucro das empresas .
secagem	NOUN	1	29	18	O setor industrial de tintas e vernizes renovou suas linhas de produtos com foco em soluções imobiliárias de secagem rápida . A inovação tecnológica permitiu ampliar a margem de lucro das empresas .
rápida	ADJ	0	29	19	O setor industrial de tintas e vernizes renovou suas linhas de produtos com foco em soluções imobiliárias de secagem rápida . A inovação tecnológica permitiu ampliar a margem de lucro das empresas .
.	PUNCT	0	29	20	O setor industrial de tintas e vernizes renovou suas linhas de produtos com foco em soluções imobiliárias de secagem rápida . A inovação tecnológica permitiu ampliar a margem de lucro das empresas .
A	DET	0	29	21	O setor industrial de tintas e vernizes renovou suas linhas de produtos com foco em soluções imobiliárias de secagem rápida . A inovação tecnológica permitiu ampliar a margem de lucro das empresas .
inovação	NOUN	0	29	22	O setor industrial de tintas e vernizes renovou suas linhas de produtos com foco em soluções imobiliárias de secagem rápida . A inovação tecnológica permitiu ampliar a margem de lucro das empresas .
tecnológica	ADJ	0	29	23	O setor industrial de tintas e vernizes renovou suas linhas de produtos com foco em soluções imobiliárias de secagem rápida . A inovação tecnológica permitiu ampliar a margem de lucro das empresas .
permitiu	VERB	0	29	24	O setor industrial de tintas e vernizes renovou suas linhas de produtos com foco em soluções imobiliárias de secagem rápida . A inovação tecnológica permitiu ampliar a margem de lucro das empresas .
ampliar	VERB	0	29	25	O setor industrial de tintas e vernizes renovou suas linhas de produtos com foco em soluções imobiliárias de secagem rápida . A inovação tecnológica permitiu ampliar a margem de lucro das empresas .
a	DET	0	29	26	O setor industrial de tintas e vernizes renovou suas linhas de produtos com foco em soluções imobiliárias de secagem rápida . A inovação tecnológica permitiu ampliar a margem de lucro das empresas .
margem	NOUN	0	29	27	O setor industrial de tintas e vernizes renovou suas linhas de produtos com foco em soluções imobiliárias de secagem rápida . A inovação tecnológica permitiu ampliar a margem de lucro das empresas .
de	ADP	0	29	28	O setor industrial de tintas e vernizes renovou suas linhas de produtos com foco em soluções imobiliárias de secagem rápida . A inovação tecnológica permitiu ampliar a margem de lucro das empresas .
lucro	NOUN	0	29	29	O setor industrial de tintas e vernizes renovou suas linhas de produtos com foco em soluções imobiliárias de secagem rápida . A inovação tecnológica permitiu ampliar a margem de lucro das empresas .
das	ADP	0	29	30	O setor industrial de tintas e vernizes renovou suas linhas de produtos com foco em soluções imobiliárias de secagem rápida . A inovação tecnológica permitiu ampliar a margem de lucro das empresas .
empresas	NOUN	0	29	31	O setor industrial de tintas e vernizes renovou suas linhas de produtos com foco em soluções imobiliárias de secagem rápida . A inovação tecnológica permitiu ampliar a margem de lucro das empresas .
.	PUNCT	0	29	32	O setor industrial de tintas e vernizes renovou suas linhas de produtos com foco em soluções imobiliárias de secagem rápida . A inovação tecnológica permitiu ampliar a margem de lucro das empresas .
A	DET	0	30	0	A transformação digital nas linhas de montagem reduziu o tempo de fabricação de maquinário pesado em cerca de vinte por cento , melhorando a eficiência e a competitividade do parque fabril .
transformação	NOUN	0	30	1	A transformação digital nas linhas de montagem reduziu o tempo de fabricação de maquinário pesado em cerca de vinte por cento , melhorando a eficiência e a competitividade do parque fabril .
digital	ADJ	0	30	2	A transformação digital nas linhas de montagem reduziu o tempo de fabricação de maquinário pesado em cerca de vinte por cento , melhorando a eficiência e a competitividade do parque fabril .
nas	ADP	0	30	3	A transformação digital nas linhas de montagem reduziu o tempo de fabricação de maquinário pesado em cerca de vinte por cento , melhorando a eficiência e a competitividade do parque fabril .
linhas	NOUN	0	30	4	A transformação digital nas linhas de montagem reduziu o tempo de fabricação de maquinário pesado em cerca de vinte por cento , melhorando a eficiência e a competitividade do parque fabril .
de	ADP	0	30	5	A transformação digital nas linhas de montagem reduziu o tempo de fabricação de maquinário pesado em cerca de vinte por cento , melhorando a eficiência e a competitividade do parque fabril .
montagem	NOUN	0	30	6	A transformação digital nas linhas de montagem reduziu o tempo de fabricação de maquinário pesado em cerca de vinte por cento , melhorando a eficiência e a competitividade do parque fabril .
reduziu	VERB	0	30	7	A transformação digital nas linhas de montagem reduziu o tempo de fabricação de maquinário pesado em cerca de vinte por cento , melhorando a eficiência e a competitividade do parque fabril .
o	DET	0	30	8	A transformação digital nas linhas de montagem reduziu o tempo de fabricação de maquinário pesado em cerca de vinte por cento , melhorando a eficiência e a competitividade do parque fabril .
tempo	NOUN	0	30	9	A transformação digital nas linhas de montagem reduziu o tempo de fabricação de maquinário pesado em cerca de vinte por cento , melhorando a eficiência e a competitividade do parque fabril .
de	ADP	0	30	10	A transformação digital nas linhas de montagem reduziu o tempo de fabricação de maquinário pesado em cerca de vinte por cento , melhorando a eficiência e a competitividade do parque fabril .
fabricação	NOUN	0	30	11	A transformação digital nas linhas de montagem reduziu o tempo de fabricação de maquinário pesado em cerca de vinte por cento , melhorando a eficiência e a competitividade do parque fabril .
de	ADP	0	30	12	A transformação digital nas linhas de montagem reduziu o tempo de fabricação de maquinário pesado em cerca de vinte por cento , melhorando a eficiência e a competitividade do parque fabril .
maquinário	NOUN	1	30	13	A transformação digital nas linhas de montagem reduziu o tempo de fabricação de maquinário pesado em cerca de vinte por cento , melhorando a eficiência e a competitividade do parque fabril .
pesado	VERB	0	30	14	A transformação digital nas linhas de montagem reduziu o tempo de fabricação de maquinário pesado em cerca de vinte por cento , melhorando a eficiência e a competitividade do parque fabril .
em	ADP	0	30	15	A transformação digital nas linhas de montagem reduziu o tempo de fabricação de maquinário pesado em cerca de vinte por cento , melhorando a eficiência e a competitividade do parque fabril .
cerca	ADV	0	30	16	A transformação digital nas linhas de montagem reduziu o tempo de fabricação de maquinário pesado em cerca de vinte por cento , melhorando a eficiência e a competitividade do parque fabril .
de	ADP	0	30	17	A transformação digital nas linhas de montagem reduziu o tempo de fabricação de maquinário pesado em cerca de vinte por cento , melhorando a eficiência e a competitividade do parque fabril .
vinte	NUM	0	30	18	A transformação digital nas linhas de montagem reduziu o tempo de fabricação de maquinário pesado em cerca de vinte por cento , melhorando a eficiência e a competitividade do parque fabril .
por	ADP	0	30	19	A transformação digital nas linhas de montagem reduziu o tempo de fabricação de maquinário pesado em cerca de vinte por cento , melhorando a eficiência e a competitividade do parque fabril .
cento	NUM	0	30	20	A transformação digital nas linhas de montagem reduziu o tempo de fabricação de maquinário pesado em cerca de vinte por cento , melhorando a eficiência e a competitividade do parque fabril .
,	PUNCT	0	30	21	A transformação digital nas linhas de montagem reduziu o tempo de fabricação de maquinário pesado em cerca de vinte por cento , melhorando a eficiência e a competitividade do parque fabril .
melhorando	VERB	1	30	22	A transformação digital nas linhas de montagem reduziu o tempo de fabricação de maquinário pesado em cerca de vinte por cento , melhorando a eficiência e a competitividade do parque fabril .
a	DET	0	30	23	A transformação digital nas linhas de montagem reduziu o tempo de fabricação de maquinário pesado em cerca de vinte por cento , melhorando a eficiência e a competitividade do parque fabril .
eficiência	NOUN	0	30	24	A transformação digital nas linhas de montagem reduziu o tempo de fabricação de maquinário pesado em cerca de vinte por cento , melhorando a eficiência e a competitividade do parque fabril .
e	CCONJ	0	30	25	A transformação digital nas linhas de montagem reduziu o tempo de fabricação de maquinário pesado em cerca de vinte por cento , melhorando a eficiência e a competitividade do parque fabril .
a	DET	0	30	26	A transformação digital nas linhas de montagem reduziu o tempo de fabricação de maquinário pesado em cerca de vinte por cento , melhorando a eficiência e a competitividade do parque fabril .
competitividade	NOUN	1	30	27	A transformação digital nas linhas de montagem reduziu o tempo de fabricação de maquinário pesado em cerca de vinte por cento , melhorando a eficiência e a competitividade do parque fabril .
do	ADP	0	30	28	A transformação digital nas linhas de montagem reduziu o tempo de fabricação de maquinário pesado em cerca de vinte por cento , melhorando a eficiência e a competitividade do parque fabril .
parque	NOUN	0	30	29	A transformação digital nas linhas de montagem reduziu o tempo de fabricação de maquinário pesado em cerca de vinte por cento , melhorando a eficiência e a competitividade do parque fabril .
fabril	ADJ	1	30	30	A transformação digital nas linhas de montagem reduziu o tempo de fabricação de maquinário pesado em cerca de vinte por cento , melhorando a eficiência e a competitividade do parque fabril .
.	PUNCT	0	30	31	A transformação digital nas linhas de montagem reduziu o tempo de fabricação de maquinário pesado em cerca de vinte por cento , melhorando a eficiência e a competitividade do parque fabril .
